<?xml version="1.0" encoding="UTF-8" ?>
<!DOCTYPE mapper PUBLIC "-//mybatis.org//DTD Mapper 3.0//EN" "http://mybatis.org/dtd/mybatis-3-mapper.dtd" >
<mapper namespace="com.rquest.riskmaster.mapper.CommercialPapersMapper" >
  <resultMap id="BaseResultMap" type="com.rquest.riskmaster.entity.CommercialPapers" >
    <result column="ID_TRANSACTION_ORIGINAL" property="idTransactionOriginal" jdbcType="VARCHAR" />
    <result column="DRAFT_NBR" property="draftNbr" jdbcType="VARCHAR" />
    <result column="DT_REMIT" property="dtRemit" jdbcType="VARCHAR" />
    <result column="DT_MATURITY" property="dtMaturity" jdbcType="VARCHAR" />
    <result column="AMT_FACE" property="amtFace" jdbcType="NUMERIC" />
    <result column="DRAFT_NOTE" property="draftNote" jdbcType="VARCHAR" />
    <result column="NBR_VERSION" property="nbrVersion" jdbcType="NUMERIC" />
  </resultMap>
  <insert id="insert" parameterType="com.rquest.riskmaster.entity.CommercialPapers" >
    insert into COMMERCIAL_PAPERS (ID_TRANSACTION_ORIGINAL, DRAFT_NBR, 
      DT_REMIT, DT_MATURITY, AMT_FACE, 
      DRAFT_NOTE, NBR_VERSION)
    values (#{idTransactionOriginal,jdbcType=VARCHAR}, #{draftNbr,jdbcType=VARCHAR}, 
      #{dtRemit,jdbcType=VARCHAR}, #{dtMaturity,jdbcType=VARCHAR}, #{amtFace,jdbcType=NUMERIC}, 
      #{draftNote,jdbcType=VARCHAR}, #{nbrVersion,jdbcType=NUMERIC})
  </insert>
  <insert id="insertSelective" parameterType="com.rquest.riskmaster.entity.CommercialPapers" >
    insert into COMMERCIAL_PAPERS
    <trim prefix="(" suffix=")" suffixOverrides="," >
      <if test="idTransactionOriginal != null" >
        ID_TRANSACTION_ORIGINAL,
      </if>
      <if test="draftNbr != null" >
        DRAFT_NBR,
      </if>
      <if test="dtRemit != null" >
        DT_REMIT,
      </if>
      <if test="dtMaturity != null" >
        DT_MATURITY,
      </if>
      <if test="amtFace != null" >
        AMT_FACE,
      </if>
      <if test="draftNote != null" >
        DRAFT_NOTE,
      </if>
      <if test="nbrVersion != null" >
        NBR_VERSION,
      </if>
    </trim>
    <trim prefix="values (" suffix=")" suffixOverrides="," >
      <if test="idTransactionOriginal != null" >
        #{idTransactionOriginal,jdbcType=VARCHAR},
      </if>
      <if test="draftNbr != null" >
        #{draftNbr,jdbcType=VARCHAR},
      </if>
      <if test="dtRemit != null" >
        #{dtRemit,jdbcType=VARCHAR},
      </if>
      <if test="dtMaturity != null" >
        #{dtMaturity,jdbcType=VARCHAR},
      </if>
      <if test="amtFace != null" >
        #{amtFace,jdbcType=NUMERIC},
      </if>
      <if test="draftNote != null" >
        #{draftNote,jdbcType=VARCHAR},
      </if>
      <if test="nbrVersion != null" >
        #{nbrVersion,jdbcType=NUMERIC},
      </if>
    </trim>
  </insert>
</mapper>