<?xml version="1.0" encoding="UTF-8" ?>
<!DOCTYPE mapper PUBLIC "-//mybatis.org//DTD Mapper 3.0//EN" "http://mybatis.org/dtd/mybatis-3-mapper.dtd" >
<mapper namespace="com.rquest.riskmaster.mapper.CommercialPaperDetailsMapper" >
  <resultMap id="BaseResultMap" type="com.rquest.riskmaster.entity.CommercialPaperDetails" >
    <result column="ID_TRANSACTION" property="idTransaction" jdbcType="VARCHAR" />
    <result column="TASK_TYPE" property="taskType" jdbcType="VARCHAR" />
    <result column="BUY_TYPE" property="buyType" jdbcType="VARCHAR" />
    <result column="ID_CONTRACT" property="idContract" jdbcType="VARCHAR" />
    <result column="ID_DRAFT" property="idDraft" jdbcType="VARCHAR" />
    <result column="BUYBIZ_TYPE" property="buybizType" jdbcType="VARCHAR" />
    <result column="CENTRAL_BANK_FLAG" property="centralBankFlag" jdbcType="VARCHAR" />
    <result column="INNER_FLAG" property="innerFlag" jdbcType="VARCHAR" />
    <result column="SAME_CITY_FLAG" property="sameCityFlag" jdbcType="VARCHAR" />
    <result column="VIRTUAL_FLAG" property="virtualFlag" jdbcType="VARCHAR" />
    <result column="PREVIOUS_HAND" property="previousHand" jdbcType="VARCHAR" />
    <result column="DT_PAYMENT" property="dtPayment" jdbcType="VARCHAR" />
    <result column="POSTPONE_DAYS" property="postponeDays" jdbcType="NUMERIC" />
    <result column="PAYMENT_DAYS" property="paymentDays" jdbcType="NUMERIC" />
    <result column="DT_RPD_OPEN" property="dtRpdOpen" jdbcType="VARCHAR" />
    <result column="DT_RPD_DUE" property="dtRpdDue" jdbcType="VARCHAR" />
    <result column="RPD_RATE" property="rpdRate" jdbcType="NUMERIC" />
    <result column="INTEREST_RATE" property="interestRate" jdbcType="NUMERIC" />
    <result column="AMT_INTEREST" property="amtInterest" jdbcType="NUMERIC" />
    <result column="AMT_INTEREST_BY_BUYER" property="amtInterestByBuyer" jdbcType="NUMERIC" />
    <result column="AMT_REAL_PAYMENT" property="amtRealPayment" jdbcType="NUMERIC" />
    <result column="SEQ_NBR" property="seqNbr" jdbcType="VARCHAR" />
    <result column="CONTRACT_NBR" property="contractNbr" jdbcType="VARCHAR" />
    <result column="PRINT_STATUS" property="printStatus" jdbcType="VARCHAR" />
    <result column="DT_PRINT" property="dtPrint" jdbcType="TIMESTAMP" />
    <result column="AMT_REAL_MONEY" property="amtRealMoney" jdbcType="NUMERIC" />
    <result column="AMT_FACE" property="amtFace" jdbcType="NUMERIC" />
    <result column="BTCH_NBR" property="btchNbr" jdbcType="VARCHAR" />
    <result column="NBR_VERSION" property="nbrVersion" jdbcType="NUMERIC" />
  </resultMap>
  <insert id="insert" parameterType="com.rquest.riskmaster.entity.CommercialPaperDetails" >
    insert into COMMERCIAL_PAPER_DETAILS (ID_TRANSACTION, TASK_TYPE, BUY_TYPE, 
      ID_CONTRACT, ID_DRAFT, BUYBIZ_TYPE, 
      CENTRAL_BANK_FLAG, INNER_FLAG, SAME_CITY_FLAG, 
      VIRTUAL_FLAG, PREVIOUS_HAND, DT_PAYMENT, 
      POSTPONE_DAYS, PAYMENT_DAYS, DT_RPD_OPEN, 
      DT_RPD_DUE, RPD_RATE, INTEREST_RATE, 
      AMT_INTEREST, AMT_INTEREST_BY_BUYER, AMT_REAL_PAYMENT, 
      SEQ_NBR, CONTRACT_NBR, PRINT_STATUS, 
      DT_PRINT, AMT_REAL_MONEY, AMT_FACE, 
      BTCH_NBR, NBR_VERSION)
    values (#{idTransaction,jdbcType=VARCHAR}, #{taskType,jdbcType=VARCHAR}, #{buyType,jdbcType=VARCHAR}, 
      #{idContract,jdbcType=VARCHAR}, #{idDraft,jdbcType=VARCHAR}, #{buybizType,jdbcType=VARCHAR}, 
      #{centralBankFlag,jdbcType=VARCHAR}, #{innerFlag,jdbcType=VARCHAR}, #{sameCityFlag,jdbcType=VARCHAR}, 
      #{virtualFlag,jdbcType=VARCHAR}, #{previousHand,jdbcType=VARCHAR}, #{dtPayment,jdbcType=VARCHAR}, 
      #{postponeDays,jdbcType=NUMERIC}, #{paymentDays,jdbcType=NUMERIC}, #{dtRpdOpen,jdbcType=VARCHAR}, 
      #{dtRpdDue,jdbcType=VARCHAR}, #{rpdRate,jdbcType=NUMERIC}, #{interestRate,jdbcType=NUMERIC}, 
      #{amtInterest,jdbcType=NUMERIC}, #{amtInterestByBuyer,jdbcType=NUMERIC}, #{amtRealPayment,jdbcType=NUMERIC}, 
      #{seqNbr,jdbcType=VARCHAR}, #{contractNbr,jdbcType=VARCHAR}, #{printStatus,jdbcType=VARCHAR}, 
      #{dtPrint,jdbcType=TIMESTAMP}, #{amtRealMoney,jdbcType=NUMERIC}, #{amtFace,jdbcType=NUMERIC}, 
      #{btchNbr,jdbcType=VARCHAR}, #{nbrVersion,jdbcType=NUMERIC})
  </insert>
  <insert id="insertSelective" parameterType="com.rquest.riskmaster.entity.CommercialPaperDetails" >
    insert into COMMERCIAL_PAPER_DETAILS
    <trim prefix="(" suffix=")" suffixOverrides="," >
      <if test="idTransaction != null" >
        ID_TRANSACTION,
      </if>
      <if test="taskType != null" >
        TASK_TYPE,
      </if>
      <if test="buyType != null" >
        BUY_TYPE,
      </if>
      <if test="idContract != null" >
        ID_CONTRACT,
      </if>
      <if test="idDraft != null" >
        ID_DRAFT,
      </if>
      <if test="buybizType != null" >
        BUYBIZ_TYPE,
      </if>
      <if test="centralBankFlag != null" >
        CENTRAL_BANK_FLAG,
      </if>
      <if test="innerFlag != null" >
        INNER_FLAG,
      </if>
      <if test="sameCityFlag != null" >
        SAME_CITY_FLAG,
      </if>
      <if test="virtualFlag != null" >
        VIRTUAL_FLAG,
      </if>
      <if test="previousHand != null" >
        PREVIOUS_HAND,
      </if>
      <if test="dtPayment != null" >
        DT_PAYMENT,
      </if>
      <if test="postponeDays != null" >
        POSTPONE_DAYS,
      </if>
      <if test="paymentDays != null" >
        PAYMENT_DAYS,
      </if>
      <if test="dtRpdOpen != null" >
        DT_RPD_OPEN,
      </if>
      <if test="dtRpdDue != null" >
        DT_RPD_DUE,
      </if>
      <if test="rpdRate != null" >
        RPD_RATE,
      </if>
      <if test="interestRate != null" >
        INTEREST_RATE,
      </if>
      <if test="amtInterest != null" >
        AMT_INTEREST,
      </if>
      <if test="amtInterestByBuyer != null" >
        AMT_INTEREST_BY_BUYER,
      </if>
      <if test="amtRealPayment != null" >
        AMT_REAL_PAYMENT,
      </if>
      <if test="seqNbr != null" >
        SEQ_NBR,
      </if>
      <if test="contractNbr != null" >
        CONTRACT_NBR,
      </if>
      <if test="printStatus != null" >
        PRINT_STATUS,
      </if>
      <if test="dtPrint != null" >
        DT_PRINT,
      </if>
      <if test="amtRealMoney != null" >
        AMT_REAL_MONEY,
      </if>
      <if test="amtFace != null" >
        AMT_FACE,
      </if>
      <if test="btchNbr != null" >
        BTCH_NBR,
      </if>
      <if test="nbrVersion != null" >
        NBR_VERSION,
      </if>
    </trim>
    <trim prefix="values (" suffix=")" suffixOverrides="," >
      <if test="idTransaction != null" >
        #{idTransaction,jdbcType=VARCHAR},
      </if>
      <if test="taskType != null" >
        #{taskType,jdbcType=VARCHAR},
      </if>
      <if test="buyType != null" >
        #{buyType,jdbcType=VARCHAR},
      </if>
      <if test="idContract != null" >
        #{idContract,jdbcType=VARCHAR},
      </if>
      <if test="idDraft != null" >
        #{idDraft,jdbcType=VARCHAR},
      </if>
      <if test="buybizType != null" >
        #{buybizType,jdbcType=VARCHAR},
      </if>
      <if test="centralBankFlag != null" >
        #{centralBankFlag,jdbcType=VARCHAR},
      </if>
      <if test="innerFlag != null" >
        #{innerFlag,jdbcType=VARCHAR},
      </if>
      <if test="sameCityFlag != null" >
        #{sameCityFlag,jdbcType=VARCHAR},
      </if>
      <if test="virtualFlag != null" >
        #{virtualFlag,jdbcType=VARCHAR},
      </if>
      <if test="previousHand != null" >
        #{previousHand,jdbcType=VARCHAR},
      </if>
      <if test="dtPayment != null" >
        #{dtPayment,jdbcType=VARCHAR},
      </if>
      <if test="postponeDays != null" >
        #{postponeDays,jdbcType=NUMERIC},
      </if>
      <if test="paymentDays != null" >
        #{paymentDays,jdbcType=NUMERIC},
      </if>
      <if test="dtRpdOpen != null" >
        #{dtRpdOpen,jdbcType=VARCHAR},
      </if>
      <if test="dtRpdDue != null" >
        #{dtRpdDue,jdbcType=VARCHAR},
      </if>
      <if test="rpdRate != null" >
        #{rpdRate,jdbcType=NUMERIC},
      </if>
      <if test="interestRate != null" >
        #{interestRate,jdbcType=NUMERIC},
      </if>
      <if test="amtInterest != null" >
        #{amtInterest,jdbcType=NUMERIC},
      </if>
      <if test="amtInterestByBuyer != null" >
        #{amtInterestByBuyer,jdbcType=NUMERIC},
      </if>
      <if test="amtRealPayment != null" >
        #{amtRealPayment,jdbcType=NUMERIC},
      </if>
      <if test="seqNbr != null" >
        #{seqNbr,jdbcType=VARCHAR},
      </if>
      <if test="contractNbr != null" >
        #{contractNbr,jdbcType=VARCHAR},
      </if>
      <if test="printStatus != null" >
        #{printStatus,jdbcType=VARCHAR},
      </if>
      <if test="dtPrint != null" >
        #{dtPrint,jdbcType=TIMESTAMP},
      </if>
      <if test="amtRealMoney != null" >
        #{amtRealMoney,jdbcType=NUMERIC},
      </if>
      <if test="amtFace != null" >
        #{amtFace,jdbcType=NUMERIC},
      </if>
      <if test="btchNbr != null" >
        #{btchNbr,jdbcType=VARCHAR},
      </if>
      <if test="nbrVersion != null" >
        #{nbrVersion,jdbcType=NUMERIC},
      </if>
    </trim>
  </insert>
</mapper>