<?xml version="1.0" encoding="UTF-8" ?>
<!DOCTYPE mapper PUBLIC "-//mybatis.org//DTD Mapper 3.0//EN" "http://mybatis.org/dtd/mybatis-3-mapper.dtd" >
<mapper namespace="com.rquest.riskmaster.mapper.NonStandardAssetMapper" >
  <resultMap id="BaseResultMap" type="com.rquest.riskmaster.entity.NonStandardAsset" >
    <result column="CD_ASSET" property="cdAsset" jdbcType="VARCHAR" />
    <result column="NAME_ASSET" property="nameAsset" jdbcType="VARCHAR" />
    <result column="ASSET_TYPE" property="assetType" jdbcType="VARCHAR" />
    <result column="BOND_TYPE" property="bondType" jdbcType="VARCHAR" />
    <result column="NAME_ISSUER" property="nameIssuer" jdbcType="VARCHAR" />
    <result column="CD_CURRENCY" property="cdCurrency" jdbcType="VARCHAR" />
    <result column="DT_ISSUE" property="dtIssue" jdbcType="TIMESTAMP" />
    <result column="DT_EFFECTIVE" property="dtEffective" jdbcType="TIMESTAMP" />
    <result column="DT_MATURITY" property="dtMaturity" jdbcType="TIMESTAMP" />
    <result column="AMT_ISSUE_MIN_UNIT" property="amtIssueMinUnit" jdbcType="NUMERIC" />
    <result column="AMT_ISSUE" property="amtIssue" jdbcType="NUMERIC" />
    <result column="CD_DAY_COUNT" property="cdDayCount" jdbcType="VARCHAR" />
    <result column="RATE_TYPE" property="rateType" jdbcType="VARCHAR" />
    <result column="FIXED_RATE" property="fixedRate" jdbcType="NUMERIC" />
    <result column="FLOATING_RATE" property="floatingRate" jdbcType="VARCHAR" />
    <result column="FLOATING_RATE_DIRECTION" property="floatingRateDirection" jdbcType="NUMERIC" />
    <result column="FLOATING_SPREAD" property="floatingSpread" jdbcType="NUMERIC" />
    <result column="FIXING_FREQUENCY" property="fixingFrequency" jdbcType="VARCHAR" />
    <result column="COUPON_FREQUENCY" property="couponFrequency" jdbcType="VARCHAR" />
    <result column="DT_FIRST_COUPON" property="dtFirstCoupon" jdbcType="TIMESTAMP" />
    <result column="PAYMENT_FREQUENCY" property="paymentFrequency" jdbcType="VARCHAR" />
    <result column="COMPOUND_FLAG" property="compoundFlag" jdbcType="VARCHAR" />
    <result column="CALL_FLAG" property="callFlag" jdbcType="VARCHAR" />
    <result column="CALL_RATE" property="callRate" jdbcType="NUMERIC" />
    <result column="MARKET_TYPE" property="marketType" jdbcType="VARCHAR" />
    <result column="BASE_RATE" property="baseRate" jdbcType="NUMERIC" />
    <result column="DT_BASE_RATE" property="dtBaseRate" jdbcType="VARCHAR" />
    <result column="ISSUE_MODE" property="issueMode" jdbcType="VARCHAR" />
    <result column="FLOATING_CAP" property="floatingCap" jdbcType="NUMERIC" />
    <result column="FLOATING_FLOOR" property="floatingFloor" jdbcType="NUMERIC" />
    <result column="NOTE" property="note" jdbcType="VARCHAR" />
    <result column="YIELD_TYPE" property="yieldType" jdbcType="VARCHAR" />
    <result column="SYSTEM_FLAG" property="systemFlag" jdbcType="VARCHAR" />
    <result column="AMT_ISSUR_PRICE" property="amtIssurPrice" jdbcType="NUMERIC" />
    <result column="AMT_FACE" property="amtFace" jdbcType="NUMERIC" />
    <result column="IS_NSTD" property="isNstd" jdbcType="VARCHAR" />
    <result column="ASSET_RATING" property="assetRating" jdbcType="NUMERIC" />
    <result column="PRODUCT_TYPE" property="productType" jdbcType="VARCHAR" />
    <result column="INPUT_USER" property="inputUser" jdbcType="NUMERIC" />
    <result column="NSTD_ASSET_CODE" property="nstdAssetCode" jdbcType="VARCHAR" />
    <result column="CUS_NBR" property="cusNbr" jdbcType="NUMERIC" />
    <result column="NBR_VERSION" property="nbrVersion" jdbcType="NUMERIC" />
  </resultMap>
  <insert id="insert" parameterType="com.rquest.riskmaster.entity.NonStandardAsset" >
    insert into NOT_STANDARD_ASSETS (CD_ASSET, NAME_ASSET, ASSET_TYPE, 
      BOND_TYPE, NAME_ISSUER, CD_CURRENCY, 
      DT_ISSUE, DT_EFFECTIVE, DT_MATURITY, 
      AMT_ISSUE_MIN_UNIT, AMT_ISSUE, CD_DAY_COUNT, 
      RATE_TYPE, FIXED_RATE, FLOATING_RATE, 
      FLOATING_RATE_DIRECTION, FLOATING_SPREAD, 
      FIXING_FREQUENCY, COUPON_FREQUENCY, DT_FIRST_COUPON, 
      PAYMENT_FREQUENCY, COMPOUND_FLAG, CALL_FLAG, 
      CALL_RATE, MARKET_TYPE, BASE_RATE, 
      DT_BASE_RATE, ISSUE_MODE, FLOATING_CAP, 
      FLOATING_FLOOR, NOTE, YIELD_TYPE, 
      SYSTEM_FLAG, AMT_ISSUR_PRICE, AMT_FACE, 
      IS_NSTD, ASSET_RATING, PRODUCT_TYPE, 
      INPUT_USER, NSTD_ASSET_CODE, CUS_NBR, 
      NBR_VERSION)
    values (#{cdAsset,jdbcType=VARCHAR}, #{nameAsset,jdbcType=VARCHAR}, #{assetType,jdbcType=VARCHAR}, 
      #{bondType,jdbcType=VARCHAR}, #{nameIssuer,jdbcType=VARCHAR}, #{cdCurrency,jdbcType=VARCHAR}, 
      #{dtIssue,jdbcType=TIMESTAMP}, #{dtEffective,jdbcType=TIMESTAMP}, #{dtMaturity,jdbcType=TIMESTAMP}, 
      #{amtIssueMinUnit,jdbcType=NUMERIC}, #{amtIssue,jdbcType=NUMERIC}, #{cdDayCount,jdbcType=VARCHAR}, 
      #{rateType,jdbcType=VARCHAR}, #{fixedRate,jdbcType=NUMERIC}, #{floatingRate,jdbcType=VARCHAR}, 
      #{floatingRateDirection,jdbcType=NUMERIC}, #{floatingSpread,jdbcType=NUMERIC}, 
      #{fixingFrequency,jdbcType=VARCHAR}, #{couponFrequency,jdbcType=VARCHAR}, #{dtFirstCoupon,jdbcType=TIMESTAMP}, 
      #{paymentFrequency,jdbcType=VARCHAR}, #{compoundFlag,jdbcType=VARCHAR}, #{callFlag,jdbcType=VARCHAR}, 
      #{callRate,jdbcType=NUMERIC}, #{marketType,jdbcType=VARCHAR}, #{baseRate,jdbcType=NUMERIC}, 
      #{dtBaseRate,jdbcType=VARCHAR}, #{issueMode,jdbcType=VARCHAR}, #{floatingCap,jdbcType=NUMERIC}, 
      #{floatingFloor,jdbcType=NUMERIC}, #{note,jdbcType=VARCHAR}, #{yieldType,jdbcType=VARCHAR}, 
      #{systemFlag,jdbcType=VARCHAR}, #{amtIssurPrice,jdbcType=NUMERIC}, #{amtFace,jdbcType=NUMERIC}, 
      #{isNstd,jdbcType=VARCHAR}, #{assetRating,jdbcType=NUMERIC}, #{productType,jdbcType=VARCHAR}, 
      #{inputUser,jdbcType=NUMERIC}, #{nstdAssetCode,jdbcType=VARCHAR}, #{cusNbr,jdbcType=NUMERIC}, 
      #{nbrVersion,jdbcType=NUMERIC})
  </insert>
  <insert id="insertSelective" parameterType="com.rquest.riskmaster.entity.NonStandardAsset" >
    insert into NOT_STANDARD_ASSETS
    <trim prefix="(" suffix=")" suffixOverrides="," >
      <if test="cdAsset != null" >
        CD_ASSET,
      </if>
      <if test="nameAsset != null" >
        NAME_ASSET,
      </if>
      <if test="assetType != null" >
        ASSET_TYPE,
      </if>
      <if test="bondType != null" >
        BOND_TYPE,
      </if>
      <if test="nameIssuer != null" >
        NAME_ISSUER,
      </if>
      <if test="cdCurrency != null" >
        CD_CURRENCY,
      </if>
      <if test="dtIssue != null" >
        DT_ISSUE,
      </if>
      <if test="dtEffective != null" >
        DT_EFFECTIVE,
      </if>
      <if test="dtMaturity != null" >
        DT_MATURITY,
      </if>
      <if test="amtIssueMinUnit != null" >
        AMT_ISSUE_MIN_UNIT,
      </if>
      <if test="amtIssue != null" >
        AMT_ISSUE,
      </if>
      <if test="cdDayCount != null" >
        CD_DAY_COUNT,
      </if>
      <if test="rateType != null" >
        RATE_TYPE,
      </if>
      <if test="fixedRate != null" >
        FIXED_RATE,
      </if>
      <if test="floatingRate != null" >
        FLOATING_RATE,
      </if>
      <if test="floatingRateDirection != null" >
        FLOATING_RATE_DIRECTION,
      </if>
      <if test="floatingSpread != null" >
        FLOATING_SPREAD,
      </if>
      <if test="fixingFrequency != null" >
        FIXING_FREQUENCY,
      </if>
      <if test="couponFrequency != null" >
        COUPON_FREQUENCY,
      </if>
      <if test="dtFirstCoupon != null" >
        DT_FIRST_COUPON,
      </if>
      <if test="paymentFrequency != null" >
        PAYMENT_FREQUENCY,
      </if>
      <if test="compoundFlag != null" >
        COMPOUND_FLAG,
      </if>
      <if test="callFlag != null" >
        CALL_FLAG,
      </if>
      <if test="callRate != null" >
        CALL_RATE,
      </if>
      <if test="marketType != null" >
        MARKET_TYPE,
      </if>
      <if test="baseRate != null" >
        BASE_RATE,
      </if>
      <if test="dtBaseRate != null" >
        DT_BASE_RATE,
      </if>
      <if test="issueMode != null" >
        ISSUE_MODE,
      </if>
      <if test="floatingCap != null" >
        FLOATING_CAP,
      </if>
      <if test="floatingFloor != null" >
        FLOATING_FLOOR,
      </if>
      <if test="note != null" >
        NOTE,
      </if>
      <if test="yieldType != null" >
        YIELD_TYPE,
      </if>
      <if test="systemFlag != null" >
        SYSTEM_FLAG,
      </if>
      <if test="amtIssurPrice != null" >
        AMT_ISSUR_PRICE,
      </if>
      <if test="amtFace != null" >
        AMT_FACE,
      </if>
      <if test="isNstd != null" >
        IS_NSTD,
      </if>
      <if test="assetRating != null" >
        ASSET_RATING,
      </if>
      <if test="productType != null" >
        PRODUCT_TYPE,
      </if>
      <if test="inputUser != null" >
        INPUT_USER,
      </if>
      <if test="nstdAssetCode != null" >
        NSTD_ASSET_CODE,
      </if>
      <if test="cusNbr != null" >
        CUS_NBR,
      </if>
      <if test="nbrVersion != null" >
        NBR_VERSION,
      </if>
    </trim>
    <trim prefix="values (" suffix=")" suffixOverrides="," >
      <if test="cdAsset != null" >
        #{cdAsset,jdbcType=VARCHAR},
      </if>
      <if test="nameAsset != null" >
        #{nameAsset,jdbcType=VARCHAR},
      </if>
      <if test="assetType != null" >
        #{assetType,jdbcType=VARCHAR},
      </if>
      <if test="bondType != null" >
        #{bondType,jdbcType=VARCHAR},
      </if>
      <if test="nameIssuer != null" >
        #{nameIssuer,jdbcType=VARCHAR},
      </if>
      <if test="cdCurrency != null" >
        #{cdCurrency,jdbcType=VARCHAR},
      </if>
      <if test="dtIssue != null" >
        #{dtIssue,jdbcType=TIMESTAMP},
      </if>
      <if test="dtEffective != null" >
        #{dtEffective,jdbcType=TIMESTAMP},
      </if>
      <if test="dtMaturity != null" >
        #{dtMaturity,jdbcType=TIMESTAMP},
      </if>
      <if test="amtIssueMinUnit != null" >
        #{amtIssueMinUnit,jdbcType=NUMERIC},
      </if>
      <if test="amtIssue != null" >
        #{amtIssue,jdbcType=NUMERIC},
      </if>
      <if test="cdDayCount != null" >
        #{cdDayCount,jdbcType=VARCHAR},
      </if>
      <if test="rateType != null" >
        #{rateType,jdbcType=VARCHAR},
      </if>
      <if test="fixedRate != null" >
        #{fixedRate,jdbcType=NUMERIC},
      </if>
      <if test="floatingRate != null" >
        #{floatingRate,jdbcType=VARCHAR},
      </if>
      <if test="floatingRateDirection != null" >
        #{floatingRateDirection,jdbcType=NUMERIC},
      </if>
      <if test="floatingSpread != null" >
        #{floatingSpread,jdbcType=NUMERIC},
      </if>
      <if test="fixingFrequency != null" >
        #{fixingFrequency,jdbcType=VARCHAR},
      </if>
      <if test="couponFrequency != null" >
        #{couponFrequency,jdbcType=VARCHAR},
      </if>
      <if test="dtFirstCoupon != null" >
        #{dtFirstCoupon,jdbcType=TIMESTAMP},
      </if>
      <if test="paymentFrequency != null" >
        #{paymentFrequency,jdbcType=VARCHAR},
      </if>
      <if test="compoundFlag != null" >
        #{compoundFlag,jdbcType=VARCHAR},
      </if>
      <if test="callFlag != null" >
        #{callFlag,jdbcType=VARCHAR},
      </if>
      <if test="callRate != null" >
        #{callRate,jdbcType=NUMERIC},
      </if>
      <if test="marketType != null" >
        #{marketType,jdbcType=VARCHAR},
      </if>
      <if test="baseRate != null" >
        #{baseRate,jdbcType=NUMERIC},
      </if>
      <if test="dtBaseRate != null" >
        #{dtBaseRate,jdbcType=VARCHAR},
      </if>
      <if test="issueMode != null" >
        #{issueMode,jdbcType=VARCHAR},
      </if>
      <if test="floatingCap != null" >
        #{floatingCap,jdbcType=NUMERIC},
      </if>
      <if test="floatingFloor != null" >
        #{floatingFloor,jdbcType=NUMERIC},
      </if>
      <if test="note != null" >
        #{note,jdbcType=VARCHAR},
      </if>
      <if test="yieldType != null" >
        #{yieldType,jdbcType=VARCHAR},
      </if>
      <if test="systemFlag != null" >
        #{systemFlag,jdbcType=VARCHAR},
      </if>
      <if test="amtIssurPrice != null" >
        #{amtIssurPrice,jdbcType=NUMERIC},
      </if>
      <if test="amtFace != null" >
        #{amtFace,jdbcType=NUMERIC},
      </if>
      <if test="isNstd != null" >
        #{isNstd,jdbcType=VARCHAR},
      </if>
      <if test="assetRating != null" >
        #{assetRating,jdbcType=NUMERIC},
      </if>
      <if test="productType != null" >
        #{productType,jdbcType=VARCHAR},
      </if>
      <if test="inputUser != null" >
        #{inputUser,jdbcType=NUMERIC},
      </if>
      <if test="nstdAssetCode != null" >
        #{nstdAssetCode,jdbcType=VARCHAR},
      </if>
      <if test="cusNbr != null" >
        #{cusNbr,jdbcType=NUMERIC},
      </if>
      <if test="nbrVersion != null" >
        #{nbrVersion,jdbcType=NUMERIC},
      </if>
    </trim>
  </insert>
</mapper>