<?xml version="1.0" encoding="UTF-8" ?>
<!DOCTYPE mapper PUBLIC "-//mybatis.org//DTD Mapper 3.0//EN" "http://mybatis.org/dtd/mybatis-3-mapper.dtd" >
<mapper namespace="com.rquest.riskmaster.mapper.TxnsCommercialPaperBalanceMapper" >
  <resultMap id="BaseResultMap" type="com.rquest.riskmaster.entity.TxnsCommercialPaperBalance" >
    <result column="ID_DRAFT" property="idDraft" jdbcType="VARCHAR" />
    <result column="DRAFT_NUMBER" property="draftNumber" jdbcType="VARCHAR" />
    <result column="ID_BUY_CONTRACT" property="idBuyContract" jdbcType="VARCHAR" />
    <result column="DRAFT_ATTR" property="draftAttr" jdbcType="VARCHAR" />
    <result column="DRAFT_TYPE" property="draftType" jdbcType="VARCHAR" />
    <result column="AMT_FACE" property="amtFace" jdbcType="NUMERIC" />
    <result column="ID_BELONG_BRANCH" property="idBelongBranch" jdbcType="VARCHAR" />
    <result column="STORE_STATUS" property="storeStatus" jdbcType="VARCHAR" />
    <result column="STATUS" property="status" jdbcType="VARCHAR" />
    <result column="TMP_STATUS" property="tmpStatus" jdbcType="VARCHAR" />
    <result column="DT_BATCH" property="dtBatch" jdbcType="TIMESTAMP" />
    <result column="BUSINESS_TYPE" property="businessType" jdbcType="VARCHAR" />
    <result column="NBR_VERSION" property="nbrVersion" jdbcType="NUMERIC" />
  </resultMap>
  <insert id="insert" parameterType="com.rquest.riskmaster.entity.TxnsCommercialPaperBalance" >
    insert into TXNS_COMMERCIAL_PAPER_BALANCE (ID_DRAFT, DRAFT_NUMBER, ID_BUY_CONTRACT, 
      DRAFT_ATTR, DRAFT_TYPE, AMT_FACE, 
      ID_BELONG_BRANCH, STORE_STATUS, STATUS, 
      TMP_STATUS, DT_BATCH, BUSINESS_TYPE, 
      NBR_VERSION)
    values (#{idDraft,jdbcType=VARCHAR}, #{draftNumber,jdbcType=VARCHAR}, #{idBuyContract,jdbcType=VARCHAR}, 
      #{draftAttr,jdbcType=VARCHAR}, #{draftType,jdbcType=VARCHAR}, #{amtFace,jdbcType=NUMERIC}, 
      #{idBelongBranch,jdbcType=VARCHAR}, #{storeStatus,jdbcType=VARCHAR}, #{status,jdbcType=VARCHAR}, 
      #{tmpStatus,jdbcType=VARCHAR}, #{dtBatch,jdbcType=TIMESTAMP}, #{businessType,jdbcType=VARCHAR}, 
      #{nbrVersion,jdbcType=NUMERIC})
  </insert>
  <insert id="insertSelective" parameterType="com.rquest.riskmaster.entity.TxnsCommercialPaperBalance" >
    insert into TXNS_COMMERCIAL_PAPER_BALANCE
    <trim prefix="(" suffix=")" suffixOverrides="," >
      <if test="idDraft != null" >
        ID_DRAFT,
      </if>
      <if test="draftNumber != null" >
        DRAFT_NUMBER,
      </if>
      <if test="idBuyContract != null" >
        ID_BUY_CONTRACT,
      </if>
      <if test="draftAttr != null" >
        DRAFT_ATTR,
      </if>
      <if test="draftType != null" >
        DRAFT_TYPE,
      </if>
      <if test="amtFace != null" >
        AMT_FACE,
      </if>
      <if test="idBelongBranch != null" >
        ID_BELONG_BRANCH,
      </if>
      <if test="storeStatus != null" >
        STORE_STATUS,
      </if>
      <if test="status != null" >
        STATUS,
      </if>
      <if test="tmpStatus != null" >
        TMP_STATUS,
      </if>
      <if test="dtBatch != null" >
        DT_BATCH,
      </if>
      <if test="businessType != null" >
        BUSINESS_TYPE,
      </if>
      <if test="nbrVersion != null" >
        NBR_VERSION,
      </if>
    </trim>
    <trim prefix="values (" suffix=")" suffixOverrides="," >
      <if test="idDraft != null" >
        #{idDraft,jdbcType=VARCHAR},
      </if>
      <if test="draftNumber != null" >
        #{draftNumber,jdbcType=VARCHAR},
      </if>
      <if test="idBuyContract != null" >
        #{idBuyContract,jdbcType=VARCHAR},
      </if>
      <if test="draftAttr != null" >
        #{draftAttr,jdbcType=VARCHAR},
      </if>
      <if test="draftType != null" >
        #{draftType,jdbcType=VARCHAR},
      </if>
      <if test="amtFace != null" >
        #{amtFace,jdbcType=NUMERIC},
      </if>
      <if test="idBelongBranch != null" >
        #{idBelongBranch,jdbcType=VARCHAR},
      </if>
      <if test="storeStatus != null" >
        #{storeStatus,jdbcType=VARCHAR},
      </if>
      <if test="status != null" >
        #{status,jdbcType=VARCHAR},
      </if>
      <if test="tmpStatus != null" >
        #{tmpStatus,jdbcType=VARCHAR},
      </if>
      <if test="dtBatch != null" >
        #{dtBatch,jdbcType=TIMESTAMP},
      </if>
      <if test="businessType != null" >
        #{businessType,jdbcType=VARCHAR},
      </if>
      <if test="nbrVersion != null" >
        #{nbrVersion,jdbcType=NUMERIC},
      </if>
    </trim>
  </insert>
</mapper>