<?xml version="1.0" encoding="UTF-8" ?>
<!DOCTYPE mapper PUBLIC "-//mybatis.org//DTD Mapper 3.0//EN" "http://mybatis.org/dtd/mybatis-3-mapper.dtd" >
<mapper namespace="com.rquest.riskmaster.mapper.TxnsAssetBalanceMapper" >
  <resultMap id="BaseResultMap" type="com.rquest.riskmaster.entity.TxnsAssetBalance" >
    <result column="ID_BARETRADE" property="idBaretrade" jdbcType="VARCHAR" />
    <result column="ID_BALANCE" property="idBalance" jdbcType="VARCHAR" />
    <result column="ID_ALTER_BALANCE" property="idAlterBalance" jdbcType="VARCHAR" />
    <result column="ID_PARTMENT" property="idPartment" jdbcType="VARCHAR" />
    <result column="ID_ACCOUNT" property="idAccount" jdbcType="VARCHAR" />
    <result column="DT_SETTLE" property="dtSettle" jdbcType="TIMESTAMP" />
    <result column="CD_ASSET_TYPPE" property="cdAssetTyppe" jdbcType="VARCHAR" />
    <result column="CD_BUSINESS_TYPE" property="cdBusinessType" jdbcType="VARCHAR" />
    <result column="CD_MAJOR_ASSET" property="cdMajorAsset" jdbcType="VARCHAR" />
    <result column="CD_MINOR_ASSET" property="cdMinorAsset" jdbcType="VARCHAR" />
    <result column="AMT_HOLD_POSITON" property="amtHoldPositon" jdbcType="NUMERIC" />
    <result column="AMT_HOLD_FACE" property="amtHoldFace" jdbcType="NUMERIC" />
    <result column="AMT_CLEAN_PRICE_COSE" property="amtCleanPriceCose" jdbcType="NUMERIC" />
    <result column="INTEREST_ADJUST" property="interestAdjust" jdbcType="NUMERIC" />
    <result column="FAIR_VALUE_ALTER" property="fairValueAlter" jdbcType="NUMERIC" />
    <result column="AMT_INTEREST_COST" property="amtInterestCost" jdbcType="NUMERIC" />
    <result column="AMT_DIRTY_PRICE_COSE" property="amtDirtyPriceCose" jdbcType="NUMERIC" />
    <result column="AMT_PRICE_EARNING" property="amtPriceEarning" jdbcType="NUMERIC" />
    <result column="AMT_AMORTIZE_EARNING" property="amtAmortizeEarning" jdbcType="NUMERIC" />
    <result column="AMT_INTEREST_EARNING" property="amtInterestEarning" jdbcType="NUMERIC" />
    <result column="FAIR_VALUE_INCOME" property="fairValueIncome" jdbcType="NUMERIC" />
    <result column="AMT_TRADE_EXPENSE" property="amtTradeExpense" jdbcType="NUMERIC" />
    <result column="RATE_REAL" property="rateReal" jdbcType="NUMERIC" />
    <result column="DT_EFFECTIVE" property="dtEffective" jdbcType="TIMESTAMP" />
    <result column="DT_MATURITY" property="dtMaturity" jdbcType="TIMESTAMP" />
    <result column="AMT_INCURRED" property="amtIncurred" jdbcType="NUMERIC" />
  </resultMap>
  <insert id="insert" parameterType="com.rquest.riskmaster.entity.TxnsAssetBalance" >
    insert into TXNS_ASSET_BALANCE (ID_BARETRADE, ID_BALANCE, ID_ALTER_BALANCE, 
      ID_PARTMENT, ID_ACCOUNT, DT_SETTLE, 
      CD_ASSET_TYPPE, CD_BUSINESS_TYPE, CD_MAJOR_ASSET, 
      CD_MINOR_ASSET, AMT_HOLD_POSITON, AMT_HOLD_FACE, 
      AMT_CLEAN_PRICE_COSE, INTEREST_ADJUST, FAIR_VALUE_ALTER, 
      AMT_INTEREST_COST, AMT_DIRTY_PRICE_COSE, AMT_PRICE_EARNING, 
      AMT_AMORTIZE_EARNING, AMT_INTEREST_EARNING, 
      FAIR_VALUE_INCOME, AMT_TRADE_EXPENSE, RATE_REAL, 
      DT_EFFECTIVE, DT_MATURITY, AMT_INCURRED
      )
    values (#{idBaretrade,jdbcType=VARCHAR}, #{idBalance,jdbcType=VARCHAR}, #{idAlterBalance,jdbcType=VARCHAR}, 
      #{idPartment,jdbcType=VARCHAR}, #{idAccount,jdbcType=VARCHAR}, #{dtSettle,jdbcType=TIMESTAMP}, 
      #{cdAssetTyppe,jdbcType=VARCHAR}, #{cdBusinessType,jdbcType=VARCHAR}, #{cdMajorAsset,jdbcType=VARCHAR}, 
      #{cdMinorAsset,jdbcType=VARCHAR}, #{amtHoldPositon,jdbcType=NUMERIC}, #{amtHoldFace,jdbcType=NUMERIC}, 
      #{amtCleanPriceCose,jdbcType=NUMERIC}, #{interestAdjust,jdbcType=NUMERIC}, #{fairValueAlter,jdbcType=NUMERIC}, 
      #{amtInterestCost,jdbcType=NUMERIC}, #{amtDirtyPriceCose,jdbcType=NUMERIC}, #{amtPriceEarning,jdbcType=NUMERIC}, 
      #{amtAmortizeEarning,jdbcType=NUMERIC}, #{amtInterestEarning,jdbcType=NUMERIC}, 
      #{fairValueIncome,jdbcType=NUMERIC}, #{amtTradeExpense,jdbcType=NUMERIC}, #{rateReal,jdbcType=NUMERIC}, 
      #{dtEffective,jdbcType=TIMESTAMP}, #{dtMaturity,jdbcType=TIMESTAMP}, #{amtIncurred,jdbcType=NUMERIC}
      )
  </insert>
  <insert id="insertSelective" parameterType="com.rquest.riskmaster.entity.TxnsAssetBalance" >
    insert into TXNS_ASSET_BALANCE
    <trim prefix="(" suffix=")" suffixOverrides="," >
      <if test="idBaretrade != null" >
        ID_BARETRADE,
      </if>
      <if test="idBalance != null" >
        ID_BALANCE,
      </if>
      <if test="idAlterBalance != null" >
        ID_ALTER_BALANCE,
      </if>
      <if test="idPartment != null" >
        ID_PARTMENT,
      </if>
      <if test="idAccount != null" >
        ID_ACCOUNT,
      </if>
      <if test="dtSettle != null" >
        DT_SETTLE,
      </if>
      <if test="cdAssetTyppe != null" >
        CD_ASSET_TYPPE,
      </if>
      <if test="cdBusinessType != null" >
        CD_BUSINESS_TYPE,
      </if>
      <if test="cdMajorAsset != null" >
        CD_MAJOR_ASSET,
      </if>
      <if test="cdMinorAsset != null" >
        CD_MINOR_ASSET,
      </if>
      <if test="amtHoldPositon != null" >
        AMT_HOLD_POSITON,
      </if>
      <if test="amtHoldFace != null" >
        AMT_HOLD_FACE,
      </if>
      <if test="amtCleanPriceCose != null" >
        AMT_CLEAN_PRICE_COSE,
      </if>
      <if test="interestAdjust != null" >
        INTEREST_ADJUST,
      </if>
      <if test="fairValueAlter != null" >
        FAIR_VALUE_ALTER,
      </if>
      <if test="amtInterestCost != null" >
        AMT_INTEREST_COST,
      </if>
      <if test="amtDirtyPriceCose != null" >
        AMT_DIRTY_PRICE_COSE,
      </if>
      <if test="amtPriceEarning != null" >
        AMT_PRICE_EARNING,
      </if>
      <if test="amtAmortizeEarning != null" >
        AMT_AMORTIZE_EARNING,
      </if>
      <if test="amtInterestEarning != null" >
        AMT_INTEREST_EARNING,
      </if>
      <if test="fairValueIncome != null" >
        FAIR_VALUE_INCOME,
      </if>
      <if test="amtTradeExpense != null" >
        AMT_TRADE_EXPENSE,
      </if>
      <if test="rateReal != null" >
        RATE_REAL,
      </if>
      <if test="dtEffective != null" >
        DT_EFFECTIVE,
      </if>
      <if test="dtMaturity != null" >
        DT_MATURITY,
      </if>
      <if test="amtIncurred != null" >
        AMT_INCURRED,
      </if>
    </trim>
    <trim prefix="values (" suffix=")" suffixOverrides="," >
      <if test="idBaretrade != null" >
        #{idBaretrade,jdbcType=VARCHAR},
      </if>
      <if test="idBalance != null" >
        #{idBalance,jdbcType=VARCHAR},
      </if>
      <if test="idAlterBalance != null" >
        #{idAlterBalance,jdbcType=VARCHAR},
      </if>
      <if test="idPartment != null" >
        #{idPartment,jdbcType=VARCHAR},
      </if>
      <if test="idAccount != null" >
        #{idAccount,jdbcType=VARCHAR},
      </if>
      <if test="dtSettle != null" >
        #{dtSettle,jdbcType=TIMESTAMP},
      </if>
      <if test="cdAssetTyppe != null" >
        #{cdAssetTyppe,jdbcType=VARCHAR},
      </if>
      <if test="cdBusinessType != null" >
        #{cdBusinessType,jdbcType=VARCHAR},
      </if>
      <if test="cdMajorAsset != null" >
        #{cdMajorAsset,jdbcType=VARCHAR},
      </if>
      <if test="cdMinorAsset != null" >
        #{cdMinorAsset,jdbcType=VARCHAR},
      </if>
      <if test="amtHoldPositon != null" >
        #{amtHoldPositon,jdbcType=NUMERIC},
      </if>
      <if test="amtHoldFace != null" >
        #{amtHoldFace,jdbcType=NUMERIC},
      </if>
      <if test="amtCleanPriceCose != null" >
        #{amtCleanPriceCose,jdbcType=NUMERIC},
      </if>
      <if test="interestAdjust != null" >
        #{interestAdjust,jdbcType=NUMERIC},
      </if>
      <if test="fairValueAlter != null" >
        #{fairValueAlter,jdbcType=NUMERIC},
      </if>
      <if test="amtInterestCost != null" >
        #{amtInterestCost,jdbcType=NUMERIC},
      </if>
      <if test="amtDirtyPriceCose != null" >
        #{amtDirtyPriceCose,jdbcType=NUMERIC},
      </if>
      <if test="amtPriceEarning != null" >
        #{amtPriceEarning,jdbcType=NUMERIC},
      </if>
      <if test="amtAmortizeEarning != null" >
        #{amtAmortizeEarning,jdbcType=NUMERIC},
      </if>
      <if test="amtInterestEarning != null" >
        #{amtInterestEarning,jdbcType=NUMERIC},
      </if>
      <if test="fairValueIncome != null" >
        #{fairValueIncome,jdbcType=NUMERIC},
      </if>
      <if test="amtTradeExpense != null" >
        #{amtTradeExpense,jdbcType=NUMERIC},
      </if>
      <if test="rateReal != null" >
        #{rateReal,jdbcType=NUMERIC},
      </if>
      <if test="dtEffective != null" >
        #{dtEffective,jdbcType=TIMESTAMP},
      </if>
      <if test="dtMaturity != null" >
        #{dtMaturity,jdbcType=TIMESTAMP},
      </if>
      <if test="amtIncurred != null" >
        #{amtIncurred,jdbcType=NUMERIC},
      </if>
    </trim>
  </insert>
</mapper>