<?xml version="1.0" encoding="UTF-8" ?>
<!DOCTYPE mapper PUBLIC "-//mybatis.org//DTD Mapper 3.0//EN" "http://mybatis.org/dtd/mybatis-3-mapper.dtd" >
<mapper namespace="com.rquest.riskmaster.mapper.TxnsBondMapper" >
  <resultMap id="BaseResultMap" type="com.rquest.riskmaster.entity.TxnsBond" >
    <id column="ID_TRANSACTION" property="idTransaction" jdbcType="NUMERIC" />
    <result column="CD_BOND" property="cdBond" jdbcType="VARCHAR" />
    <result column="NAME_BOND" property="nameBond" jdbcType="VARCHAR" />
    <result column="NBR_SERIAL" property="nbrSerial" jdbcType="VARCHAR" />
    <result column="CD_BOND_TYPE" property="cdBondType" jdbcType="VARCHAR" />
    <result column="ID_PORTFOLIO" property="idPortfolio" jdbcType="VARCHAR" />
    <result column="NAME_PORTFOLIO" property="namePortfolio" jdbcType="VARCHAR" />
    <result column="ID_DEPARTMENT" property="idDepartment" jdbcType="VARCHAR" />
    <result column="ID_TRADER" property="idTrader" jdbcType="VARCHAR" />
    <result column="ID_TRADE" property="idTrade" jdbcType="VARCHAR" />
    <result column="CD_ASSET_CLASS" property="cdAssetClass" jdbcType="VARCHAR" />
    <result column="CD_ASSET_SUB_CLASS" property="cdAssetSubClass" jdbcType="VARCHAR" />
    <result column="DT_TRADE" property="dtTrade" jdbcType="TIMESTAMP" />
    <result column="DT_SETTLE" property="dtSettle" jdbcType="TIMESTAMP" />
    <result column="CD_SETTLE_TYPE" property="cdSettleType" jdbcType="VARCHAR" />
    <result column="CD_TRADE_DIRECTION" property="cdTradeDirection" jdbcType="VARCHAR" />
    <result column="CD_EVENT" property="cdEvent" jdbcType="VARCHAR" />
    <result column="AMT_PRICE_CLEAN" property="amtPriceClean" jdbcType="NUMERIC" />
    <result column="AMT_PRICE_FULL" property="amtPriceFull" jdbcType="NUMERIC" />
    <result column="RATE_COUPON" property="rateCoupon" jdbcType="NUMERIC" />
    <result column="AMT_NOTIONAL" property="amtNotional" jdbcType="NUMERIC" />
    <result column="AMT_ACCRUED_INT" property="amtAccruedInt" jdbcType="NUMERIC" />
    <result column="AMT_SETTLE" property="amtSettle" jdbcType="NUMERIC" />
    <result column="RATE_YTM" property="rateYtm" jdbcType="NUMERIC" />
    <result column="NAME_COUNTERPARTY" property="nameCounterparty" jdbcType="VARCHAR" />
    <result column="AMT_PREMIUM_DISCOUNT" property="amtPremiumDiscount" jdbcType="NUMERIC" />
    <result column="ID_REVIEWER" property="idReviewer" jdbcType="VARCHAR" />
    <result column="ID_CONFIRMER" property="idConfirmer" jdbcType="VARCHAR" />
    <result column="AMT_DISTRIBUTION_PRICE" property="amtDistributionPrice" jdbcType="NUMERIC" />
    <result column="RATIO_DISTRIBUTION_FEE" property="ratioDistributionFee" jdbcType="NUMERIC" />
    <result column="AMT_UNDERWRITING_PRICE" property="amtUnderwritingPrice" jdbcType="NUMERIC" />
    <result column="AMT_FULL_FEE" property="amtFullFee" jdbcType="NUMERIC" />
    <result column="AMT_FULL_TAX" property="amtFullTax" jdbcType="NUMERIC" />
    <result column="AMT_FULL_BROKAGE" property="amtFullBrokage" jdbcType="NUMERIC" />
    <result column="NAME_ACCOUNT" property="nameAccount" jdbcType="VARCHAR" />
    <result column="TXT_NOTE" property="txtNote" jdbcType="VARCHAR" />
    <result column="ID_INSTRUMENT" property="idInstrument" jdbcType="VARCHAR" />
  </resultMap>
  <sql id="Base_Column_List" >
    ID_TRANSACTION, CD_BOND, NAME_BOND, NBR_SERIAL, CD_BOND_TYPE, ID_PORTFOLIO, NAME_PORTFOLIO, 
    ID_DEPARTMENT, ID_TRADER, ID_TRADE, CD_ASSET_CLASS, CD_ASSET_SUB_CLASS, DT_TRADE, 
    DT_SETTLE, CD_SETTLE_TYPE, CD_TRADE_DIRECTION, CD_EVENT, AMT_PRICE_CLEAN, AMT_PRICE_FULL, 
    RATE_COUPON, AMT_NOTIONAL, AMT_ACCRUED_INT, AMT_SETTLE, RATE_YTM, NAME_COUNTERPARTY, 
    AMT_PREMIUM_DISCOUNT, ID_REVIEWER, ID_CONFIRMER, AMT_DISTRIBUTION_PRICE, RATIO_DISTRIBUTION_FEE, 
    AMT_UNDERWRITING_PRICE, AMT_FULL_FEE, AMT_FULL_TAX, AMT_FULL_BROKAGE, NAME_ACCOUNT, 
    TXT_NOTE, ID_INSTRUMENT
  </sql>
  <select id="selectByPrimaryKey" resultMap="BaseResultMap" parameterType="java.lang.Double" >
    select 
    <include refid="Base_Column_List" />
    from TXNS_BOND
    where ID_TRANSACTION = #{idTransaction,jdbcType=NUMERIC}
  </select>
  <delete id="deleteByPrimaryKey" parameterType="java.lang.Double" >
    delete from TXNS_BOND
    where ID_TRANSACTION = #{idTransaction,jdbcType=NUMERIC}
  </delete>
  <insert id="insert" parameterType="com.rquest.riskmaster.entity.TxnsBond" >
    insert into TXNS_BOND (ID_TRANSACTION, CD_BOND, NAME_BOND, 
      NBR_SERIAL, CD_BOND_TYPE, ID_PORTFOLIO, 
      NAME_PORTFOLIO, ID_DEPARTMENT, ID_TRADER, 
      ID_TRADE, CD_ASSET_CLASS, CD_ASSET_SUB_CLASS, 
      DT_TRADE, DT_SETTLE, CD_SETTLE_TYPE, 
      CD_TRADE_DIRECTION, CD_EVENT, AMT_PRICE_CLEAN, 
      AMT_PRICE_FULL, RATE_COUPON, AMT_NOTIONAL, 
      AMT_ACCRUED_INT, AMT_SETTLE, RATE_YTM, 
      NAME_COUNTERPARTY, AMT_PREMIUM_DISCOUNT, ID_REVIEWER, 
      ID_CONFIRMER, AMT_DISTRIBUTION_PRICE, RATIO_DISTRIBUTION_FEE, 
      AMT_UNDERWRITING_PRICE, AMT_FULL_FEE, AMT_FULL_TAX, 
      AMT_FULL_BROKAGE, NAME_ACCOUNT, TXT_NOTE, 
      ID_INSTRUMENT)
    values (#{idTransaction,jdbcType=NUMERIC}, #{cdBond,jdbcType=VARCHAR}, #{nameBond,jdbcType=VARCHAR}, 
      #{nbrSerial,jdbcType=VARCHAR}, #{cdBondType,jdbcType=VARCHAR}, #{idPortfolio,jdbcType=VARCHAR}, 
      #{namePortfolio,jdbcType=VARCHAR}, #{idDepartment,jdbcType=VARCHAR}, #{idTrader,jdbcType=VARCHAR}, 
      #{idTrade,jdbcType=VARCHAR}, #{cdAssetClass,jdbcType=VARCHAR}, #{cdAssetSubClass,jdbcType=VARCHAR}, 
      #{dtTrade,jdbcType=TIMESTAMP}, #{dtSettle,jdbcType=TIMESTAMP}, #{cdSettleType,jdbcType=VARCHAR}, 
      #{cdTradeDirection,jdbcType=VARCHAR}, #{cdEvent,jdbcType=VARCHAR}, #{amtPriceClean,jdbcType=NUMERIC}, 
      #{amtPriceFull,jdbcType=NUMERIC}, #{rateCoupon,jdbcType=NUMERIC}, #{amtNotional,jdbcType=NUMERIC}, 
      #{amtAccruedInt,jdbcType=NUMERIC}, #{amtSettle,jdbcType=NUMERIC}, #{rateYtm,jdbcType=NUMERIC}, 
      #{nameCounterparty,jdbcType=VARCHAR}, #{amtPremiumDiscount,jdbcType=NUMERIC}, #{idReviewer,jdbcType=VARCHAR}, 
      #{idConfirmer,jdbcType=VARCHAR}, #{amtDistributionPrice,jdbcType=NUMERIC}, #{ratioDistributionFee,jdbcType=NUMERIC}, 
      #{amtUnderwritingPrice,jdbcType=NUMERIC}, #{amtFullFee,jdbcType=NUMERIC}, #{amtFullTax,jdbcType=NUMERIC}, 
      #{amtFullBrokage,jdbcType=NUMERIC}, #{nameAccount,jdbcType=VARCHAR}, #{txtNote,jdbcType=VARCHAR}, 
      #{idInstrument,jdbcType=VARCHAR})
  </insert>
  <insert id="insertSelective" parameterType="com.rquest.riskmaster.entity.TxnsBond" >
    insert into TXNS_BOND
    <trim prefix="(" suffix=")" suffixOverrides="," >
      <if test="idTransaction != null" >
        ID_TRANSACTION,
      </if>
      <if test="cdBond != null" >
        CD_BOND,
      </if>
      <if test="nameBond != null" >
        NAME_BOND,
      </if>
      <if test="nbrSerial != null" >
        NBR_SERIAL,
      </if>
      <if test="cdBondType != null" >
        CD_BOND_TYPE,
      </if>
      <if test="idPortfolio != null" >
        ID_PORTFOLIO,
      </if>
      <if test="namePortfolio != null" >
        NAME_PORTFOLIO,
      </if>
      <if test="idDepartment != null" >
        ID_DEPARTMENT,
      </if>
      <if test="idTrader != null" >
        ID_TRADER,
      </if>
      <if test="idTrade != null" >
        ID_TRADE,
      </if>
      <if test="cdAssetClass != null" >
        CD_ASSET_CLASS,
      </if>
      <if test="cdAssetSubClass != null" >
        CD_ASSET_SUB_CLASS,
      </if>
      <if test="dtTrade != null" >
        DT_TRADE,
      </if>
      <if test="dtSettle != null" >
        DT_SETTLE,
      </if>
      <if test="cdSettleType != null" >
        CD_SETTLE_TYPE,
      </if>
      <if test="cdTradeDirection != null" >
        CD_TRADE_DIRECTION,
      </if>
      <if test="cdEvent != null" >
        CD_EVENT,
      </if>
      <if test="amtPriceClean != null" >
        AMT_PRICE_CLEAN,
      </if>
      <if test="amtPriceFull != null" >
        AMT_PRICE_FULL,
      </if>
      <if test="rateCoupon != null" >
        RATE_COUPON,
      </if>
      <if test="amtNotional != null" >
        AMT_NOTIONAL,
      </if>
      <if test="amtAccruedInt != null" >
        AMT_ACCRUED_INT,
      </if>
      <if test="amtSettle != null" >
        AMT_SETTLE,
      </if>
      <if test="rateYtm != null" >
        RATE_YTM,
      </if>
      <if test="nameCounterparty != null" >
        NAME_COUNTERPARTY,
      </if>
      <if test="amtPremiumDiscount != null" >
        AMT_PREMIUM_DISCOUNT,
      </if>
      <if test="idReviewer != null" >
        ID_REVIEWER,
      </if>
      <if test="idConfirmer != null" >
        ID_CONFIRMER,
      </if>
      <if test="amtDistributionPrice != null" >
        AMT_DISTRIBUTION_PRICE,
      </if>
      <if test="ratioDistributionFee != null" >
        RATIO_DISTRIBUTION_FEE,
      </if>
      <if test="amtUnderwritingPrice != null" >
        AMT_UNDERWRITING_PRICE,
      </if>
      <if test="amtFullFee != null" >
        AMT_FULL_FEE,
      </if>
      <if test="amtFullTax != null" >
        AMT_FULL_TAX,
      </if>
      <if test="amtFullBrokage != null" >
        AMT_FULL_BROKAGE,
      </if>
      <if test="nameAccount != null" >
        NAME_ACCOUNT,
      </if>
      <if test="txtNote != null" >
        TXT_NOTE,
      </if>
      <if test="idInstrument != null" >
        ID_INSTRUMENT,
      </if>
    </trim>
    <trim prefix="values (" suffix=")" suffixOverrides="," >
      <if test="idTransaction != null" >
        #{idTransaction,jdbcType=NUMERIC},
      </if>
      <if test="cdBond != null" >
        #{cdBond,jdbcType=VARCHAR},
      </if>
      <if test="nameBond != null" >
        #{nameBond,jdbcType=VARCHAR},
      </if>
      <if test="nbrSerial != null" >
        #{nbrSerial,jdbcType=VARCHAR},
      </if>
      <if test="cdBondType != null" >
        #{cdBondType,jdbcType=VARCHAR},
      </if>
      <if test="idPortfolio != null" >
        #{idPortfolio,jdbcType=VARCHAR},
      </if>
      <if test="namePortfolio != null" >
        #{namePortfolio,jdbcType=VARCHAR},
      </if>
      <if test="idDepartment != null" >
        #{idDepartment,jdbcType=VARCHAR},
      </if>
      <if test="idTrader != null" >
        #{idTrader,jdbcType=VARCHAR},
      </if>
      <if test="idTrade != null" >
        #{idTrade,jdbcType=VARCHAR},
      </if>
      <if test="cdAssetClass != null" >
        #{cdAssetClass,jdbcType=VARCHAR},
      </if>
      <if test="cdAssetSubClass != null" >
        #{cdAssetSubClass,jdbcType=VARCHAR},
      </if>
      <if test="dtTrade != null" >
        #{dtTrade,jdbcType=TIMESTAMP},
      </if>
      <if test="dtSettle != null" >
        #{dtSettle,jdbcType=TIMESTAMP},
      </if>
      <if test="cdSettleType != null" >
        #{cdSettleType,jdbcType=VARCHAR},
      </if>
      <if test="cdTradeDirection != null" >
        #{cdTradeDirection,jdbcType=VARCHAR},
      </if>
      <if test="cdEvent != null" >
        #{cdEvent,jdbcType=VARCHAR},
      </if>
      <if test="amtPriceClean != null" >
        #{amtPriceClean,jdbcType=NUMERIC},
      </if>
      <if test="amtPriceFull != null" >
        #{amtPriceFull,jdbcType=NUMERIC},
      </if>
      <if test="rateCoupon != null" >
        #{rateCoupon,jdbcType=NUMERIC},
      </if>
      <if test="amtNotional != null" >
        #{amtNotional,jdbcType=NUMERIC},
      </if>
      <if test="amtAccruedInt != null" >
        #{amtAccruedInt,jdbcType=NUMERIC},
      </if>
      <if test="amtSettle != null" >
        #{amtSettle,jdbcType=NUMERIC},
      </if>
      <if test="rateYtm != null" >
        #{rateYtm,jdbcType=NUMERIC},
      </if>
      <if test="nameCounterparty != null" >
        #{nameCounterparty,jdbcType=VARCHAR},
      </if>
      <if test="amtPremiumDiscount != null" >
        #{amtPremiumDiscount,jdbcType=NUMERIC},
      </if>
      <if test="idReviewer != null" >
        #{idReviewer,jdbcType=VARCHAR},
      </if>
      <if test="idConfirmer != null" >
        #{idConfirmer,jdbcType=VARCHAR},
      </if>
      <if test="amtDistributionPrice != null" >
        #{amtDistributionPrice,jdbcType=NUMERIC},
      </if>
      <if test="ratioDistributionFee != null" >
        #{ratioDistributionFee,jdbcType=NUMERIC},
      </if>
      <if test="amtUnderwritingPrice != null" >
        #{amtUnderwritingPrice,jdbcType=NUMERIC},
      </if>
      <if test="amtFullFee != null" >
        #{amtFullFee,jdbcType=NUMERIC},
      </if>
      <if test="amtFullTax != null" >
        #{amtFullTax,jdbcType=NUMERIC},
      </if>
      <if test="amtFullBrokage != null" >
        #{amtFullBrokage,jdbcType=NUMERIC},
      </if>
      <if test="nameAccount != null" >
        #{nameAccount,jdbcType=VARCHAR},
      </if>
      <if test="txtNote != null" >
        #{txtNote,jdbcType=VARCHAR},
      </if>
      <if test="idInstrument != null" >
        #{idInstrument,jdbcType=VARCHAR},
      </if>
    </trim>
  </insert>
  <update id="updateByPrimaryKeySelective" parameterType="com.rquest.riskmaster.entity.TxnsBond" >
    update TXNS_BOND
    <set >
      <if test="cdBond != null" >
        CD_BOND = #{cdBond,jdbcType=VARCHAR},
      </if>
      <if test="nameBond != null" >
        NAME_BOND = #{nameBond,jdbcType=VARCHAR},
      </if>
      <if test="nbrSerial != null" >
        NBR_SERIAL = #{nbrSerial,jdbcType=VARCHAR},
      </if>
      <if test="cdBondType != null" >
        CD_BOND_TYPE = #{cdBondType,jdbcType=VARCHAR},
      </if>
      <if test="idPortfolio != null" >
        ID_PORTFOLIO = #{idPortfolio,jdbcType=VARCHAR},
      </if>
      <if test="namePortfolio != null" >
        NAME_PORTFOLIO = #{namePortfolio,jdbcType=VARCHAR},
      </if>
      <if test="idDepartment != null" >
        ID_DEPARTMENT = #{idDepartment,jdbcType=VARCHAR},
      </if>
      <if test="idTrader != null" >
        ID_TRADER = #{idTrader,jdbcType=VARCHAR},
      </if>
      <if test="idTrade != null" >
        ID_TRADE = #{idTrade,jdbcType=VARCHAR},
      </if>
      <if test="cdAssetClass != null" >
        CD_ASSET_CLASS = #{cdAssetClass,jdbcType=VARCHAR},
      </if>
      <if test="cdAssetSubClass != null" >
        CD_ASSET_SUB_CLASS = #{cdAssetSubClass,jdbcType=VARCHAR},
      </if>
      <if test="dtTrade != null" >
        DT_TRADE = #{dtTrade,jdbcType=TIMESTAMP},
      </if>
      <if test="dtSettle != null" >
        DT_SETTLE = #{dtSettle,jdbcType=TIMESTAMP},
      </if>
      <if test="cdSettleType != null" >
        CD_SETTLE_TYPE = #{cdSettleType,jdbcType=VARCHAR},
      </if>
      <if test="cdTradeDirection != null" >
        CD_TRADE_DIRECTION = #{cdTradeDirection,jdbcType=VARCHAR},
      </if>
      <if test="cdEvent != null" >
        CD_EVENT = #{cdEvent,jdbcType=VARCHAR},
      </if>
      <if test="amtPriceClean != null" >
        AMT_PRICE_CLEAN = #{amtPriceClean,jdbcType=NUMERIC},
      </if>
      <if test="amtPriceFull != null" >
        AMT_PRICE_FULL = #{amtPriceFull,jdbcType=NUMERIC},
      </if>
      <if test="rateCoupon != null" >
        RATE_COUPON = #{rateCoupon,jdbcType=NUMERIC},
      </if>
      <if test="amtNotional != null" >
        AMT_NOTIONAL = #{amtNotional,jdbcType=NUMERIC},
      </if>
      <if test="amtAccruedInt != null" >
        AMT_ACCRUED_INT = #{amtAccruedInt,jdbcType=NUMERIC},
      </if>
      <if test="amtSettle != null" >
        AMT_SETTLE = #{amtSettle,jdbcType=NUMERIC},
      </if>
      <if test="rateYtm != null" >
        RATE_YTM = #{rateYtm,jdbcType=NUMERIC},
      </if>
      <if test="nameCounterparty != null" >
        NAME_COUNTERPARTY = #{nameCounterparty,jdbcType=VARCHAR},
      </if>
      <if test="amtPremiumDiscount != null" >
        AMT_PREMIUM_DISCOUNT = #{amtPremiumDiscount,jdbcType=NUMERIC},
      </if>
      <if test="idReviewer != null" >
        ID_REVIEWER = #{idReviewer,jdbcType=VARCHAR},
      </if>
      <if test="idConfirmer != null" >
        ID_CONFIRMER = #{idConfirmer,jdbcType=VARCHAR},
      </if>
      <if test="amtDistributionPrice != null" >
        AMT_DISTRIBUTION_PRICE = #{amtDistributionPrice,jdbcType=NUMERIC},
      </if>
      <if test="ratioDistributionFee != null" >
        RATIO_DISTRIBUTION_FEE = #{ratioDistributionFee,jdbcType=NUMERIC},
      </if>
      <if test="amtUnderwritingPrice != null" >
        AMT_UNDERWRITING_PRICE = #{amtUnderwritingPrice,jdbcType=NUMERIC},
      </if>
      <if test="amtFullFee != null" >
        AMT_FULL_FEE = #{amtFullFee,jdbcType=NUMERIC},
      </if>
      <if test="amtFullTax != null" >
        AMT_FULL_TAX = #{amtFullTax,jdbcType=NUMERIC},
      </if>
      <if test="amtFullBrokage != null" >
        AMT_FULL_BROKAGE = #{amtFullBrokage,jdbcType=NUMERIC},
      </if>
      <if test="nameAccount != null" >
        NAME_ACCOUNT = #{nameAccount,jdbcType=VARCHAR},
      </if>
      <if test="txtNote != null" >
        TXT_NOTE = #{txtNote,jdbcType=VARCHAR},
      </if>
      <if test="idInstrument != null" >
        ID_INSTRUMENT = #{idInstrument,jdbcType=VARCHAR},
      </if>
    </set>
    where ID_TRANSACTION = #{idTransaction,jdbcType=NUMERIC}
  </update>
  <update id="updateByPrimaryKey" parameterType="com.rquest.riskmaster.entity.TxnsBond" >
    update TXNS_BOND
    set CD_BOND = #{cdBond,jdbcType=VARCHAR},
      NAME_BOND = #{nameBond,jdbcType=VARCHAR},
      NBR_SERIAL = #{nbrSerial,jdbcType=VARCHAR},
      CD_BOND_TYPE = #{cdBondType,jdbcType=VARCHAR},
      ID_PORTFOLIO = #{idPortfolio,jdbcType=VARCHAR},
      NAME_PORTFOLIO = #{namePortfolio,jdbcType=VARCHAR},
      ID_DEPARTMENT = #{idDepartment,jdbcType=VARCHAR},
      ID_TRADER = #{idTrader,jdbcType=VARCHAR},
      ID_TRADE = #{idTrade,jdbcType=VARCHAR},
      CD_ASSET_CLASS = #{cdAssetClass,jdbcType=VARCHAR},
      CD_ASSET_SUB_CLASS = #{cdAssetSubClass,jdbcType=VARCHAR},
      DT_TRADE = #{dtTrade,jdbcType=TIMESTAMP},
      DT_SETTLE = #{dtSettle,jdbcType=TIMESTAMP},
      CD_SETTLE_TYPE = #{cdSettleType,jdbcType=VARCHAR},
      CD_TRADE_DIRECTION = #{cdTradeDirection,jdbcType=VARCHAR},
      CD_EVENT = #{cdEvent,jdbcType=VARCHAR},
      AMT_PRICE_CLEAN = #{amtPriceClean,jdbcType=NUMERIC},
      AMT_PRICE_FULL = #{amtPriceFull,jdbcType=NUMERIC},
      RATE_COUPON = #{rateCoupon,jdbcType=NUMERIC},
      AMT_NOTIONAL = #{amtNotional,jdbcType=NUMERIC},
      AMT_ACCRUED_INT = #{amtAccruedInt,jdbcType=NUMERIC},
      AMT_SETTLE = #{amtSettle,jdbcType=NUMERIC},
      RATE_YTM = #{rateYtm,jdbcType=NUMERIC},
      NAME_COUNTERPARTY = #{nameCounterparty,jdbcType=VARCHAR},
      AMT_PREMIUM_DISCOUNT = #{amtPremiumDiscount,jdbcType=NUMERIC},
      ID_REVIEWER = #{idReviewer,jdbcType=VARCHAR},
      ID_CONFIRMER = #{idConfirmer,jdbcType=VARCHAR},
      AMT_DISTRIBUTION_PRICE = #{amtDistributionPrice,jdbcType=NUMERIC},
      RATIO_DISTRIBUTION_FEE = #{ratioDistributionFee,jdbcType=NUMERIC},
      AMT_UNDERWRITING_PRICE = #{amtUnderwritingPrice,jdbcType=NUMERIC},
      AMT_FULL_FEE = #{amtFullFee,jdbcType=NUMERIC},
      AMT_FULL_TAX = #{amtFullTax,jdbcType=NUMERIC},
      AMT_FULL_BROKAGE = #{amtFullBrokage,jdbcType=NUMERIC},
      NAME_ACCOUNT = #{nameAccount,jdbcType=VARCHAR},
      TXT_NOTE = #{txtNote,jdbcType=VARCHAR},
      ID_INSTRUMENT = #{idInstrument,jdbcType=VARCHAR}
    where ID_TRANSACTION = #{idTransaction,jdbcType=NUMERIC}
  </update>
</mapper>