<?xml version="1.0" encoding="UTF-8" ?>
<!DOCTYPE mapper PUBLIC "-//mybatis.org//DTD Mapper 3.0//EN" "http://mybatis.org/dtd/mybatis-3-mapper.dtd" >
<mapper namespace="com.rquest.riskmaster.mapper.TxnsAccontMapper" >
  <resultMap id="BaseResultMap" type="com.rquest.riskmaster.entity.TxnsAccont" >
    <result column="ID_PARTMENT" property="idPartment" jdbcType="VARCHAR" />
    <result column="ID_ACCOUNT" property="idAccount" jdbcType="VARCHAR" />
    <result column="CD_TRADE_TYPE" property="cdTradeType" jdbcType="VARCHAR" />
    <result column="DT_SETTLE" property="dtSettle" jdbcType="TIMESTAMP" />
    <result column="IN_OUT_TYPE" property="inOutType" jdbcType="VARCHAR" />
    <result column="DEBIT_CREDIT" property="debitCredit" jdbcType="VARCHAR" />
    <result column="CD_ACCOUNTING" property="cdAccounting" jdbcType="VARCHAR" />
    <result column="AMT_FACE" property="amtFace" jdbcType="VARCHAR" />
    <result column="CODE_BATCH" property="codeBatch" jdbcType="VARCHAR" />
    <result column="ID_COUNTER_PARTY" property="idCounterParty" jdbcType="VARCHAR" />
    <result column="DESCRIPTION_ACCOUNTING" property="descriptionAccounting" jdbcType="VARCHAR" />
    <result column="CD_BUNDLE" property="cdBundle" jdbcType="VARCHAR" />
    <result column="NOTE" property="note" jdbcType="VARCHAR" />
  </resultMap>
  <insert id="insert" parameterType="com.rquest.riskmaster.entity.TxnsAccont" >
    insert into TXNS_ACCONT (ID_PARTMENT, ID_ACCOUNT, CD_TRADE_TYPE, 
      DT_SETTLE, IN_OUT_TYPE, DEBIT_CREDIT, 
      CD_ACCOUNTING, AMT_FACE, CODE_BATCH, 
      ID_COUNTER_PARTY, DESCRIPTION_ACCOUNTING, 
      CD_BUNDLE, NOTE)
    values (#{idPartment,jdbcType=VARCHAR}, #{idAccount,jdbcType=VARCHAR}, #{cdTradeType,jdbcType=VARCHAR}, 
      #{dtSettle,jdbcType=TIMESTAMP}, #{inOutType,jdbcType=VARCHAR}, #{debitCredit,jdbcType=VARCHAR}, 
      #{cdAccounting,jdbcType=VARCHAR}, #{amtFace,jdbcType=VARCHAR}, #{codeBatch,jdbcType=VARCHAR}, 
      #{idCounterParty,jdbcType=VARCHAR}, #{descriptionAccounting,jdbcType=VARCHAR}, 
      #{cdBundle,jdbcType=VARCHAR}, #{note,jdbcType=VARCHAR})
  </insert>
  <insert id="insertSelective" parameterType="com.rquest.riskmaster.entity.TxnsAccont" >
    insert into TXNS_ACCONT
    <trim prefix="(" suffix=")" suffixOverrides="," >
      <if test="idPartment != null" >
        ID_PARTMENT,
      </if>
      <if test="idAccount != null" >
        ID_ACCOUNT,
      </if>
      <if test="cdTradeType != null" >
        CD_TRADE_TYPE,
      </if>
      <if test="dtSettle != null" >
        DT_SETTLE,
      </if>
      <if test="inOutType != null" >
        IN_OUT_TYPE,
      </if>
      <if test="debitCredit != null" >
        DEBIT_CREDIT,
      </if>
      <if test="cdAccounting != null" >
        CD_ACCOUNTING,
      </if>
      <if test="amtFace != null" >
        AMT_FACE,
      </if>
      <if test="codeBatch != null" >
        CODE_BATCH,
      </if>
      <if test="idCounterParty != null" >
        ID_COUNTER_PARTY,
      </if>
      <if test="descriptionAccounting != null" >
        DESCRIPTION_ACCOUNTING,
      </if>
      <if test="cdBundle != null" >
        CD_BUNDLE,
      </if>
      <if test="note != null" >
        NOTE,
      </if>
    </trim>
    <trim prefix="values (" suffix=")" suffixOverrides="," >
      <if test="idPartment != null" >
        #{idPartment,jdbcType=VARCHAR},
      </if>
      <if test="idAccount != null" >
        #{idAccount,jdbcType=VARCHAR},
      </if>
      <if test="cdTradeType != null" >
        #{cdTradeType,jdbcType=VARCHAR},
      </if>
      <if test="dtSettle != null" >
        #{dtSettle,jdbcType=TIMESTAMP},
      </if>
      <if test="inOutType != null" >
        #{inOutType,jdbcType=VARCHAR},
      </if>
      <if test="debitCredit != null" >
        #{debitCredit,jdbcType=VARCHAR},
      </if>
      <if test="cdAccounting != null" >
        #{cdAccounting,jdbcType=VARCHAR},
      </if>
      <if test="amtFace != null" >
        #{amtFace,jdbcType=VARCHAR},
      </if>
      <if test="codeBatch != null" >
        #{codeBatch,jdbcType=VARCHAR},
      </if>
      <if test="idCounterParty != null" >
        #{idCounterParty,jdbcType=VARCHAR},
      </if>
      <if test="descriptionAccounting != null" >
        #{descriptionAccounting,jdbcType=VARCHAR},
      </if>
      <if test="cdBundle != null" >
        #{cdBundle,jdbcType=VARCHAR},
      </if>
      <if test="note != null" >
        #{note,jdbcType=VARCHAR},
      </if>
    </trim>
  </insert>
</mapper>