<?xml version="1.0" encoding="UTF-8" ?>
<!DOCTYPE mapper PUBLIC "-//mybatis.org//DTD Mapper 3.0//EN" "http://mybatis.org/dtd/mybatis-3-mapper.dtd" >
<mapper namespace="com.rquest.riskmaster.mapper.TxnsRepoMapper" >
  <resultMap id="BaseResultMap" type="com.rquest.riskmaster.entity.TxnsRepo" >
    <id column="ID_TRANSACTION" property="idTransaction" jdbcType="NUMERIC" />
    <result column="ID_TRADE" property="idTrade" jdbcType="VARCHAR" />
    <result column="ID_SECURITY" property="idSecurity" jdbcType="VARCHAR" />
    <result column="CD_TRADE_DIRECTION" property="cdTradeDirection" jdbcType="VARCHAR" />
    <result column="DT_TRADE" property="dtTrade" jdbcType="TIMESTAMP" />
    <result column="ID_TRADER" property="idTrader" jdbcType="VARCHAR" />
    <result column="AMT_FIRST_CLEAN_PRICE" property="amtFirstCleanPrice" jdbcType="NUMERIC" />
    <result column="AMT_MATURITY_CLEAN_PRICE" property="amtMaturityCleanPrice" jdbcType="NUMERIC" />
    <result column="RATE_YTM" property="rateYtm" jdbcType="NUMERIC" />
    <result column="AMT_INT_ACCRUED" property="amtIntAccrued" jdbcType="NUMERIC" />
    <result column="DT_MATURITY" property="dtMaturity" jdbcType="TIMESTAMP" />
    <result column="ID_COUNTER_PARTY" property="idCounterParty" jdbcType="VARCHAR" />
    <result column="NAME_COUNTER_PARTY" property="nameCounterParty" jdbcType="VARCHAR" />
    <result column="NAME_BOND" property="nameBond" jdbcType="VARCHAR" />
    <result column="ID_DEPARTMENT" property="idDepartment" jdbcType="VARCHAR" />
    <result column="DT_EFFECTIVE" property="dtEffective" jdbcType="TIMESTAMP" />
    <result column="AMT_PAR" property="amtPar" jdbcType="NUMERIC" />
    <result column="AMT_FIRST" property="amtFirst" jdbcType="NUMERIC" />
    <result column="AMT_MATURITY" property="amtMaturity" jdbcType="NUMERIC" />
    <result column="AMT_FEE" property="amtFee" jdbcType="NUMERIC" />
    <result column="AMT_TAX" property="amtTax" jdbcType="NUMERIC" />
    <result column="AMT_BROKAGE" property="amtBrokage" jdbcType="NUMERIC" />
    <result column="ID_PORTFOLIO" property="idPortfolio" jdbcType="VARCHAR" />
    <result column="NAME_PORTFOLIO" property="namePortfolio" jdbcType="VARCHAR" />
    <result column="ID_ACCOUNT" property="idAccount" jdbcType="VARCHAR" />
    <result column="NAME_ACCOUNT" property="nameAccount" jdbcType="VARCHAR" />
    <result column="CD_SETTLE_TYPE1" property="cdSettleType1" jdbcType="VARCHAR" />
    <result column="CD_SETTLE_TYPE2" property="cdSettleType2" jdbcType="VARCHAR" />
    <result column="NAME_DEALER" property="nameDealer" jdbcType="VARCHAR" />
    <result column="NBR_REPO_DAYS" property="nbrRepoDays" jdbcType="NUMERIC" />
    <result column="RATE_REPO" property="rateRepo" jdbcType="VARCHAR" />
    <result column="FLAG_INTERBANK" property="flagInterbank" jdbcType="VARCHAR" />
    <result column="REPO_TYPE" property="repoType" jdbcType="VARCHAR" />
    <result column="CD_PURPOSE" property="cdPurpose" jdbcType="VARCHAR" />
    <result column="NBR_VERSION" property="nbrVersion" jdbcType="NUMERIC" />
    <result column="AMT_FEE2" property="amtFee2" jdbcType="NUMERIC" />
    <result column="AMT_TAX2" property="amtTax2" jdbcType="NUMERIC" />
    <result column="AMT_BROKAGE2" property="amtBrokage2" jdbcType="NUMERIC" />
    <result column="AMT_FACE_PART" property="amtFacePart" jdbcType="VARCHAR" />
    <result column="ID_INSTRUMENT" property="idInstrument" jdbcType="VARCHAR" />
  </resultMap>
  <sql id="Base_Column_List" >
    ID_TRANSACTION, ID_TRADE, ID_SECURITY, CD_TRADE_DIRECTION, DT_TRADE, ID_TRADER, AMT_FIRST_CLEAN_PRICE, 
    AMT_MATURITY_CLEAN_PRICE, RATE_YTM, AMT_INT_ACCRUED, DT_MATURITY, ID_COUNTER_PARTY, 
    NAME_COUNTER_PARTY, NAME_BOND, ID_DEPARTMENT, DT_EFFECTIVE, AMT_PAR, AMT_FIRST, AMT_MATURITY, 
    AMT_FEE, AMT_TAX, AMT_BROKAGE, ID_PORTFOLIO, NAME_PORTFOLIO, ID_ACCOUNT, NAME_ACCOUNT, 
    CD_SETTLE_TYPE1, CD_SETTLE_TYPE2, NAME_DEALER, NBR_REPO_DAYS, RATE_REPO, FLAG_INTERBANK, 
    REPO_TYPE, CD_PURPOSE, NBR_VERSION, AMT_FEE2, AMT_TAX2, AMT_BROKAGE2, AMT_FACE_PART, 
    ID_INSTRUMENT
  </sql>
  <select id="selectByPrimaryKey" resultMap="BaseResultMap" parameterType="java.lang.Double" >
    select 
    <include refid="Base_Column_List" />
    from TXNS_REPO
    where ID_TRANSACTION = #{idTransaction,jdbcType=NUMERIC}
  </select>
  <delete id="deleteByPrimaryKey" parameterType="java.lang.Double" >
    delete from TXNS_REPO
    where ID_TRANSACTION = #{idTransaction,jdbcType=NUMERIC}
  </delete>
  <insert id="insert" parameterType="com.rquest.riskmaster.entity.TxnsRepo" >
    insert into TXNS_REPO (ID_TRANSACTION, ID_TRADE, ID_SECURITY, 
      CD_TRADE_DIRECTION, DT_TRADE, ID_TRADER, 
      AMT_FIRST_CLEAN_PRICE, AMT_MATURITY_CLEAN_PRICE, 
      RATE_YTM, AMT_INT_ACCRUED, DT_MATURITY, 
      ID_COUNTER_PARTY, NAME_COUNTER_PARTY, NAME_BOND, 
      ID_DEPARTMENT, DT_EFFECTIVE, AMT_PAR, 
      AMT_FIRST, AMT_MATURITY, AMT_FEE, 
      AMT_TAX, AMT_BROKAGE, ID_PORTFOLIO, 
      NAME_PORTFOLIO, ID_ACCOUNT, NAME_ACCOUNT, 
      CD_SETTLE_TYPE1, CD_SETTLE_TYPE2, NAME_DEALER, 
      NBR_REPO_DAYS, RATE_REPO, FLAG_INTERBANK, 
      REPO_TYPE, CD_PURPOSE, NBR_VERSION, 
      AMT_FEE2, AMT_TAX2, AMT_BROKAGE2, 
      AMT_FACE_PART, ID_INSTRUMENT)
    values (#{idTransaction,jdbcType=NUMERIC}, #{idTrade,jdbcType=VARCHAR}, #{idSecurity,jdbcType=VARCHAR}, 
      #{cdTradeDirection,jdbcType=VARCHAR}, #{dtTrade,jdbcType=TIMESTAMP}, #{idTrader,jdbcType=VARCHAR}, 
      #{amtFirstCleanPrice,jdbcType=NUMERIC}, #{amtMaturityCleanPrice,jdbcType=NUMERIC}, 
      #{rateYtm,jdbcType=NUMERIC}, #{amtIntAccrued,jdbcType=NUMERIC}, #{dtMaturity,jdbcType=TIMESTAMP}, 
      #{idCounterParty,jdbcType=VARCHAR}, #{nameCounterParty,jdbcType=VARCHAR}, #{nameBond,jdbcType=VARCHAR}, 
      #{idDepartment,jdbcType=VARCHAR}, #{dtEffective,jdbcType=TIMESTAMP}, #{amtPar,jdbcType=NUMERIC}, 
      #{amtFirst,jdbcType=NUMERIC}, #{amtMaturity,jdbcType=NUMERIC}, #{amtFee,jdbcType=NUMERIC}, 
      #{amtTax,jdbcType=NUMERIC}, #{amtBrokage,jdbcType=NUMERIC}, #{idPortfolio,jdbcType=VARCHAR}, 
      #{namePortfolio,jdbcType=VARCHAR}, #{idAccount,jdbcType=VARCHAR}, #{nameAccount,jdbcType=VARCHAR}, 
      #{cdSettleType1,jdbcType=VARCHAR}, #{cdSettleType2,jdbcType=VARCHAR}, #{nameDealer,jdbcType=VARCHAR}, 
      #{nbrRepoDays,jdbcType=NUMERIC}, #{rateRepo,jdbcType=VARCHAR}, #{flagInterbank,jdbcType=VARCHAR}, 
      #{repoType,jdbcType=VARCHAR}, #{cdPurpose,jdbcType=VARCHAR}, #{nbrVersion,jdbcType=NUMERIC}, 
      #{amtFee2,jdbcType=NUMERIC}, #{amtTax2,jdbcType=NUMERIC}, #{amtBrokage2,jdbcType=NUMERIC}, 
      #{amtFacePart,jdbcType=VARCHAR}, #{idInstrument,jdbcType=VARCHAR})
  </insert>
  <insert id="insertSelective" parameterType="com.rquest.riskmaster.entity.TxnsRepo" >
    insert into TXNS_REPO
    <trim prefix="(" suffix=")" suffixOverrides="," >
      <if test="idTransaction != null" >
        ID_TRANSACTION,
      </if>
      <if test="idTrade != null" >
        ID_TRADE,
      </if>
      <if test="idSecurity != null" >
        ID_SECURITY,
      </if>
      <if test="cdTradeDirection != null" >
        CD_TRADE_DIRECTION,
      </if>
      <if test="dtTrade != null" >
        DT_TRADE,
      </if>
      <if test="idTrader != null" >
        ID_TRADER,
      </if>
      <if test="amtFirstCleanPrice != null" >
        AMT_FIRST_CLEAN_PRICE,
      </if>
      <if test="amtMaturityCleanPrice != null" >
        AMT_MATURITY_CLEAN_PRICE,
      </if>
      <if test="rateYtm != null" >
        RATE_YTM,
      </if>
      <if test="amtIntAccrued != null" >
        AMT_INT_ACCRUED,
      </if>
      <if test="dtMaturity != null" >
        DT_MATURITY,
      </if>
      <if test="idCounterParty != null" >
        ID_COUNTER_PARTY,
      </if>
      <if test="nameCounterParty != null" >
        NAME_COUNTER_PARTY,
      </if>
      <if test="nameBond != null" >
        NAME_BOND,
      </if>
      <if test="idDepartment != null" >
        ID_DEPARTMENT,
      </if>
      <if test="dtEffective != null" >
        DT_EFFECTIVE,
      </if>
      <if test="amtPar != null" >
        AMT_PAR,
      </if>
      <if test="amtFirst != null" >
        AMT_FIRST,
      </if>
      <if test="amtMaturity != null" >
        AMT_MATURITY,
      </if>
      <if test="amtFee != null" >
        AMT_FEE,
      </if>
      <if test="amtTax != null" >
        AMT_TAX,
      </if>
      <if test="amtBrokage != null" >
        AMT_BROKAGE,
      </if>
      <if test="idPortfolio != null" >
        ID_PORTFOLIO,
      </if>
      <if test="namePortfolio != null" >
        NAME_PORTFOLIO,
      </if>
      <if test="idAccount != null" >
        ID_ACCOUNT,
      </if>
      <if test="nameAccount != null" >
        NAME_ACCOUNT,
      </if>
      <if test="cdSettleType1 != null" >
        CD_SETTLE_TYPE1,
      </if>
      <if test="cdSettleType2 != null" >
        CD_SETTLE_TYPE2,
      </if>
      <if test="nameDealer != null" >
        NAME_DEALER,
      </if>
      <if test="nbrRepoDays != null" >
        NBR_REPO_DAYS,
      </if>
      <if test="rateRepo != null" >
        RATE_REPO,
      </if>
      <if test="flagInterbank != null" >
        FLAG_INTERBANK,
      </if>
      <if test="repoType != null" >
        REPO_TYPE,
      </if>
      <if test="cdPurpose != null" >
        CD_PURPOSE,
      </if>
      <if test="nbrVersion != null" >
        NBR_VERSION,
      </if>
      <if test="amtFee2 != null" >
        AMT_FEE2,
      </if>
      <if test="amtTax2 != null" >
        AMT_TAX2,
      </if>
      <if test="amtBrokage2 != null" >
        AMT_BROKAGE2,
      </if>
      <if test="amtFacePart != null" >
        AMT_FACE_PART,
      </if>
      <if test="idInstrument != null" >
        ID_INSTRUMENT,
      </if>
    </trim>
    <trim prefix="values (" suffix=")" suffixOverrides="," >
      <if test="idTransaction != null" >
        #{idTransaction,jdbcType=NUMERIC},
      </if>
      <if test="idTrade != null" >
        #{idTrade,jdbcType=VARCHAR},
      </if>
      <if test="idSecurity != null" >
        #{idSecurity,jdbcType=VARCHAR},
      </if>
      <if test="cdTradeDirection != null" >
        #{cdTradeDirection,jdbcType=VARCHAR},
      </if>
      <if test="dtTrade != null" >
        #{dtTrade,jdbcType=TIMESTAMP},
      </if>
      <if test="idTrader != null" >
        #{idTrader,jdbcType=VARCHAR},
      </if>
      <if test="amtFirstCleanPrice != null" >
        #{amtFirstCleanPrice,jdbcType=NUMERIC},
      </if>
      <if test="amtMaturityCleanPrice != null" >
        #{amtMaturityCleanPrice,jdbcType=NUMERIC},
      </if>
      <if test="rateYtm != null" >
        #{rateYtm,jdbcType=NUMERIC},
      </if>
      <if test="amtIntAccrued != null" >
        #{amtIntAccrued,jdbcType=NUMERIC},
      </if>
      <if test="dtMaturity != null" >
        #{dtMaturity,jdbcType=TIMESTAMP},
      </if>
      <if test="idCounterParty != null" >
        #{idCounterParty,jdbcType=VARCHAR},
      </if>
      <if test="nameCounterParty != null" >
        #{nameCounterParty,jdbcType=VARCHAR},
      </if>
      <if test="nameBond != null" >
        #{nameBond,jdbcType=VARCHAR},
      </if>
      <if test="idDepartment != null" >
        #{idDepartment,jdbcType=VARCHAR},
      </if>
      <if test="dtEffective != null" >
        #{dtEffective,jdbcType=TIMESTAMP},
      </if>
      <if test="amtPar != null" >
        #{amtPar,jdbcType=NUMERIC},
      </if>
      <if test="amtFirst != null" >
        #{amtFirst,jdbcType=NUMERIC},
      </if>
      <if test="amtMaturity != null" >
        #{amtMaturity,jdbcType=NUMERIC},
      </if>
      <if test="amtFee != null" >
        #{amtFee,jdbcType=NUMERIC},
      </if>
      <if test="amtTax != null" >
        #{amtTax,jdbcType=NUMERIC},
      </if>
      <if test="amtBrokage != null" >
        #{amtBrokage,jdbcType=NUMERIC},
      </if>
      <if test="idPortfolio != null" >
        #{idPortfolio,jdbcType=VARCHAR},
      </if>
      <if test="namePortfolio != null" >
        #{namePortfolio,jdbcType=VARCHAR},
      </if>
      <if test="idAccount != null" >
        #{idAccount,jdbcType=VARCHAR},
      </if>
      <if test="nameAccount != null" >
        #{nameAccount,jdbcType=VARCHAR},
      </if>
      <if test="cdSettleType1 != null" >
        #{cdSettleType1,jdbcType=VARCHAR},
      </if>
      <if test="cdSettleType2 != null" >
        #{cdSettleType2,jdbcType=VARCHAR},
      </if>
      <if test="nameDealer != null" >
        #{nameDealer,jdbcType=VARCHAR},
      </if>
      <if test="nbrRepoDays != null" >
        #{nbrRepoDays,jdbcType=NUMERIC},
      </if>
      <if test="rateRepo != null" >
        #{rateRepo,jdbcType=VARCHAR},
      </if>
      <if test="flagInterbank != null" >
        #{flagInterbank,jdbcType=VARCHAR},
      </if>
      <if test="repoType != null" >
        #{repoType,jdbcType=VARCHAR},
      </if>
      <if test="cdPurpose != null" >
        #{cdPurpose,jdbcType=VARCHAR},
      </if>
      <if test="nbrVersion != null" >
        #{nbrVersion,jdbcType=NUMERIC},
      </if>
      <if test="amtFee2 != null" >
        #{amtFee2,jdbcType=NUMERIC},
      </if>
      <if test="amtTax2 != null" >
        #{amtTax2,jdbcType=NUMERIC},
      </if>
      <if test="amtBrokage2 != null" >
        #{amtBrokage2,jdbcType=NUMERIC},
      </if>
      <if test="amtFacePart != null" >
        #{amtFacePart,jdbcType=VARCHAR},
      </if>
      <if test="idInstrument != null" >
        #{idInstrument,jdbcType=VARCHAR},
      </if>
    </trim>
  </insert>
  <update id="updateByPrimaryKeySelective" parameterType="com.rquest.riskmaster.entity.TxnsRepo" >
    update TXNS_REPO
    <set >
      <if test="idTrade != null" >
        ID_TRADE = #{idTrade,jdbcType=VARCHAR},
      </if>
      <if test="idSecurity != null" >
        ID_SECURITY = #{idSecurity,jdbcType=VARCHAR},
      </if>
      <if test="cdTradeDirection != null" >
        CD_TRADE_DIRECTION = #{cdTradeDirection,jdbcType=VARCHAR},
      </if>
      <if test="dtTrade != null" >
        DT_TRADE = #{dtTrade,jdbcType=TIMESTAMP},
      </if>
      <if test="idTrader != null" >
        ID_TRADER = #{idTrader,jdbcType=VARCHAR},
      </if>
      <if test="amtFirstCleanPrice != null" >
        AMT_FIRST_CLEAN_PRICE = #{amtFirstCleanPrice,jdbcType=NUMERIC},
      </if>
      <if test="amtMaturityCleanPrice != null" >
        AMT_MATURITY_CLEAN_PRICE = #{amtMaturityCleanPrice,jdbcType=NUMERIC},
      </if>
      <if test="rateYtm != null" >
        RATE_YTM = #{rateYtm,jdbcType=NUMERIC},
      </if>
      <if test="amtIntAccrued != null" >
        AMT_INT_ACCRUED = #{amtIntAccrued,jdbcType=NUMERIC},
      </if>
      <if test="dtMaturity != null" >
        DT_MATURITY = #{dtMaturity,jdbcType=TIMESTAMP},
      </if>
      <if test="idCounterParty != null" >
        ID_COUNTER_PARTY = #{idCounterParty,jdbcType=VARCHAR},
      </if>
      <if test="nameCounterParty != null" >
        NAME_COUNTER_PARTY = #{nameCounterParty,jdbcType=VARCHAR},
      </if>
      <if test="nameBond != null" >
        NAME_BOND = #{nameBond,jdbcType=VARCHAR},
      </if>
      <if test="idDepartment != null" >
        ID_DEPARTMENT = #{idDepartment,jdbcType=VARCHAR},
      </if>
      <if test="dtEffective != null" >
        DT_EFFECTIVE = #{dtEffective,jdbcType=TIMESTAMP},
      </if>
      <if test="amtPar != null" >
        AMT_PAR = #{amtPar,jdbcType=NUMERIC},
      </if>
      <if test="amtFirst != null" >
        AMT_FIRST = #{amtFirst,jdbcType=NUMERIC},
      </if>
      <if test="amtMaturity != null" >
        AMT_MATURITY = #{amtMaturity,jdbcType=NUMERIC},
      </if>
      <if test="amtFee != null" >
        AMT_FEE = #{amtFee,jdbcType=NUMERIC},
      </if>
      <if test="amtTax != null" >
        AMT_TAX = #{amtTax,jdbcType=NUMERIC},
      </if>
      <if test="amtBrokage != null" >
        AMT_BROKAGE = #{amtBrokage,jdbcType=NUMERIC},
      </if>
      <if test="idPortfolio != null" >
        ID_PORTFOLIO = #{idPortfolio,jdbcType=VARCHAR},
      </if>
      <if test="namePortfolio != null" >
        NAME_PORTFOLIO = #{namePortfolio,jdbcType=VARCHAR},
      </if>
      <if test="idAccount != null" >
        ID_ACCOUNT = #{idAccount,jdbcType=VARCHAR},
      </if>
      <if test="nameAccount != null" >
        NAME_ACCOUNT = #{nameAccount,jdbcType=VARCHAR},
      </if>
      <if test="cdSettleType1 != null" >
        CD_SETTLE_TYPE1 = #{cdSettleType1,jdbcType=VARCHAR},
      </if>
      <if test="cdSettleType2 != null" >
        CD_SETTLE_TYPE2 = #{cdSettleType2,jdbcType=VARCHAR},
      </if>
      <if test="nameDealer != null" >
        NAME_DEALER = #{nameDealer,jdbcType=VARCHAR},
      </if>
      <if test="nbrRepoDays != null" >
        NBR_REPO_DAYS = #{nbrRepoDays,jdbcType=NUMERIC},
      </if>
      <if test="rateRepo != null" >
        RATE_REPO = #{rateRepo,jdbcType=VARCHAR},
      </if>
      <if test="flagInterbank != null" >
        FLAG_INTERBANK = #{flagInterbank,jdbcType=VARCHAR},
      </if>
      <if test="repoType != null" >
        REPO_TYPE = #{repoType,jdbcType=VARCHAR},
      </if>
      <if test="cdPurpose != null" >
        CD_PURPOSE = #{cdPurpose,jdbcType=VARCHAR},
      </if>
      <if test="nbrVersion != null" >
        NBR_VERSION = #{nbrVersion,jdbcType=NUMERIC},
      </if>
      <if test="amtFee2 != null" >
        AMT_FEE2 = #{amtFee2,jdbcType=NUMERIC},
      </if>
      <if test="amtTax2 != null" >
        AMT_TAX2 = #{amtTax2,jdbcType=NUMERIC},
      </if>
      <if test="amtBrokage2 != null" >
        AMT_BROKAGE2 = #{amtBrokage2,jdbcType=NUMERIC},
      </if>
      <if test="amtFacePart != null" >
        AMT_FACE_PART = #{amtFacePart,jdbcType=VARCHAR},
      </if>
      <if test="idInstrument != null" >
        ID_INSTRUMENT = #{idInstrument,jdbcType=VARCHAR},
      </if>
    </set>
    where ID_TRANSACTION = #{idTransaction,jdbcType=NUMERIC}
  </update>
  <update id="updateByPrimaryKey" parameterType="com.rquest.riskmaster.entity.TxnsRepo" >
    update TXNS_REPO
    set ID_TRADE = #{idTrade,jdbcType=VARCHAR},
      ID_SECURITY = #{idSecurity,jdbcType=VARCHAR},
      CD_TRADE_DIRECTION = #{cdTradeDirection,jdbcType=VARCHAR},
      DT_TRADE = #{dtTrade,jdbcType=TIMESTAMP},
      ID_TRADER = #{idTrader,jdbcType=VARCHAR},
      AMT_FIRST_CLEAN_PRICE = #{amtFirstCleanPrice,jdbcType=NUMERIC},
      AMT_MATURITY_CLEAN_PRICE = #{amtMaturityCleanPrice,jdbcType=NUMERIC},
      RATE_YTM = #{rateYtm,jdbcType=NUMERIC},
      AMT_INT_ACCRUED = #{amtIntAccrued,jdbcType=NUMERIC},
      DT_MATURITY = #{dtMaturity,jdbcType=TIMESTAMP},
      ID_COUNTER_PARTY = #{idCounterParty,jdbcType=VARCHAR},
      NAME_COUNTER_PARTY = #{nameCounterParty,jdbcType=VARCHAR},
      NAME_BOND = #{nameBond,jdbcType=VARCHAR},
      ID_DEPARTMENT = #{idDepartment,jdbcType=VARCHAR},
      DT_EFFECTIVE = #{dtEffective,jdbcType=TIMESTAMP},
      AMT_PAR = #{amtPar,jdbcType=NUMERIC},
      AMT_FIRST = #{amtFirst,jdbcType=NUMERIC},
      AMT_MATURITY = #{amtMaturity,jdbcType=NUMERIC},
      AMT_FEE = #{amtFee,jdbcType=NUMERIC},
      AMT_TAX = #{amtTax,jdbcType=NUMERIC},
      AMT_BROKAGE = #{amtBrokage,jdbcType=NUMERIC},
      ID_PORTFOLIO = #{idPortfolio,jdbcType=VARCHAR},
      NAME_PORTFOLIO = #{namePortfolio,jdbcType=VARCHAR},
      ID_ACCOUNT = #{idAccount,jdbcType=VARCHAR},
      NAME_ACCOUNT = #{nameAccount,jdbcType=VARCHAR},
      CD_SETTLE_TYPE1 = #{cdSettleType1,jdbcType=VARCHAR},
      CD_SETTLE_TYPE2 = #{cdSettleType2,jdbcType=VARCHAR},
      NAME_DEALER = #{nameDealer,jdbcType=VARCHAR},
      NBR_REPO_DAYS = #{nbrRepoDays,jdbcType=NUMERIC},
      RATE_REPO = #{rateRepo,jdbcType=VARCHAR},
      FLAG_INTERBANK = #{flagInterbank,jdbcType=VARCHAR},
      REPO_TYPE = #{repoType,jdbcType=VARCHAR},
      CD_PURPOSE = #{cdPurpose,jdbcType=VARCHAR},
      NBR_VERSION = #{nbrVersion,jdbcType=NUMERIC},
      AMT_FEE2 = #{amtFee2,jdbcType=NUMERIC},
      AMT_TAX2 = #{amtTax2,jdbcType=NUMERIC},
      AMT_BROKAGE2 = #{amtBrokage2,jdbcType=NUMERIC},
      AMT_FACE_PART = #{amtFacePart,jdbcType=VARCHAR},
      ID_INSTRUMENT = #{idInstrument,jdbcType=VARCHAR}
    where ID_TRANSACTION = #{idTransaction,jdbcType=NUMERIC}
  </update>
</mapper>