<?xml version="1.0" encoding="UTF-8" ?>
<!DOCTYPE mapper PUBLIC "-//mybatis.org//DTD Mapper 3.0//EN" "http://mybatis.org/dtd/mybatis-3-mapper.dtd" >
<mapper namespace="com.rquest.riskmaster.mapper.TxnsInterbankLoanMapper" >
  <resultMap id="BaseResultMap" type="com.rquest.riskmaster.entity.TxnsInterbankLoan" >
    <id column="ID_TRANSACTION" property="idTransaction" jdbcType="NUMERIC" />
    <result column="ID_TRADE" property="idTrade" jdbcType="VARCHAR" />
    <result column="ID_COUNTERPARTY" property="idCounterparty" jdbcType="VARCHAR" />
    <result column="CD_BUSINESS_DAY_CONVENTION" property="cdBusinessDayConvention" jdbcType="VARCHAR" />
    <result column="CD_DAY_COUNT_CONVENTION" property="cdDayCountConvention" jdbcType="VARCHAR" />
    <result column="CD_PAY_FREQUENCY_PERIOD" property="cdPayFrequencyPeriod" jdbcType="VARCHAR" />
    <result column="DT_EFFECTIVE" property="dtEffective" jdbcType="TIMESTAMP" />
    <result column="DT_MATURITY" property="dtMaturity" jdbcType="TIMESTAMP" />
    <result column="NBR_LOAN_DAYS" property="nbrLoanDays" jdbcType="NUMERIC" />
    <result column="RATE_LOAN" property="rateLoan" jdbcType="NUMERIC" />
    <result column="ID_DEPARTMENT" property="idDepartment" jdbcType="VARCHAR" />
    <result column="AMT_MATURITY" property="amtMaturity" jdbcType="NUMERIC" />
    <result column="AMT_INTEREST" property="amtInterest" jdbcType="NUMERIC" />
    <result column="NAME_DEALER" property="nameDealer" jdbcType="VARCHAR" />
    <result column="AMT_NOTIONAL" property="amtNotional" jdbcType="NUMERIC" />
    <result column="DT_TRADING" property="dtTrading" jdbcType="TIMESTAMP" />
    <result column="CD_TRADE_DIRECTION" property="cdTradeDirection" jdbcType="VARCHAR" />
    <result column="ID_PORTFOLIO" property="idPortfolio" jdbcType="VARCHAR" />
    <result column="NAME_PORTFOLIO" property="namePortfolio" jdbcType="VARCHAR" />
    <result column="NAME_COUNTERPARTY" property="nameCounterparty" jdbcType="VARCHAR" />
    <result column="AMT_FEE" property="amtFee" jdbcType="NUMERIC" />
    <result column="AMT_TAX" property="amtTax" jdbcType="NUMERIC" />
    <result column="AMT_BROKAGE" property="amtBrokage" jdbcType="NUMERIC" />
    <result column="ID_BANK_ACCOUNT" property="idBankAccount" jdbcType="VARCHAR" />
    <result column="NAME_BANK_ACCOUNT" property="nameBankAccount" jdbcType="VARCHAR" />
    <result column="ID_ACCOUNT" property="idAccount" jdbcType="VARCHAR" />
    <result column="NAME_ACCOUNT" property="nameAccount" jdbcType="VARCHAR" />
    <result column="ACCOUNT_TYPE" property="accountType" jdbcType="VARCHAR" />
    <result column="TXT_NOTE" property="txtNote" jdbcType="VARCHAR" />
    <result column="ID_AGENCY" property="idAgency" jdbcType="VARCHAR" />
    <result column="ID_CUST" property="idCust" jdbcType="VARCHAR" />
    <result column="NAME_CUST" property="nameCust" jdbcType="VARCHAR" />
    <result column="LOAN_TYPE" property="loanType" jdbcType="VARCHAR" />
    <result column="CD_CONTRACT" property="cdContract" jdbcType="VARCHAR" />
    <result column="ID_BORROW_ACCOUNT" property="idBorrowAccount" jdbcType="VARCHAR" />
    <result column="ID_IOU" property="idIou" jdbcType="VARCHAR" />
    <result column="AMT_ACCOUNT_BALANCE" property="amtAccountBalance" jdbcType="NUMERIC" />
    <result column="AMT_SETTLEMENT" property="amtSettlement" jdbcType="NUMERIC" />
    <result column="AMT_CONTRACT" property="amtContract" jdbcType="NUMERIC" />
    <result column="DEPOSIT_PERIOD" property="depositPeriod" jdbcType="NUMERIC" />
    <result column="FLAG_ANNUAL_OR_MONTHLY_RATE" property="flagAnnualOrMonthlyRate" jdbcType="VARCHAR" />
    <result column="GUARANTEE_METHOD" property="guaranteeMethod" jdbcType="VARCHAR" />
    <result column="ID_INSTRUMENT" property="idInstrument" jdbcType="VARCHAR" />
  </resultMap>
  <sql id="Base_Column_List" >
    ID_TRANSACTION, ID_TRADE, ID_COUNTERPARTY, CD_BUSINESS_DAY_CONVENTION, CD_DAY_COUNT_CONVENTION, 
    CD_PAY_FREQUENCY_PERIOD, DT_EFFECTIVE, DT_MATURITY, NBR_LOAN_DAYS, RATE_LOAN, ID_DEPARTMENT, 
    AMT_MATURITY, AMT_INTEREST, NAME_DEALER, AMT_NOTIONAL, DT_TRADING, CD_TRADE_DIRECTION, 
    ID_PORTFOLIO, NAME_PORTFOLIO, NAME_COUNTERPARTY, AMT_FEE, AMT_TAX, AMT_BROKAGE, ID_BANK_ACCOUNT, 
    NAME_BANK_ACCOUNT, ID_ACCOUNT, NAME_ACCOUNT, ACCOUNT_TYPE, TXT_NOTE, ID_AGENCY, ID_CUST, 
    NAME_CUST, LOAN_TYPE, CD_CONTRACT, ID_BORROW_ACCOUNT, ID_IOU, AMT_ACCOUNT_BALANCE, 
    AMT_SETTLEMENT, AMT_CONTRACT, DEPOSIT_PERIOD, FLAG_ANNUAL_OR_MONTHLY_RATE, GUARANTEE_METHOD, 
    ID_INSTRUMENT
  </sql>
  <select id="selectByPrimaryKey" resultMap="BaseResultMap" parameterType="java.lang.Double" >
    select 
    <include refid="Base_Column_List" />
    from TXNS_INTERBANK_LOAN
    where ID_TRANSACTION = #{idTransaction,jdbcType=NUMERIC}
  </select>
  <delete id="deleteByPrimaryKey" parameterType="java.lang.Double" >
    delete from TXNS_INTERBANK_LOAN
    where ID_TRANSACTION = #{idTransaction,jdbcType=NUMERIC}
  </delete>
  <insert id="insert" parameterType="com.rquest.riskmaster.entity.TxnsInterbankLoan" >
    insert into TXNS_INTERBANK_LOAN (ID_TRANSACTION, ID_TRADE, ID_COUNTERPARTY, 
      CD_BUSINESS_DAY_CONVENTION, CD_DAY_COUNT_CONVENTION, 
      CD_PAY_FREQUENCY_PERIOD, DT_EFFECTIVE, DT_MATURITY, 
      NBR_LOAN_DAYS, RATE_LOAN, ID_DEPARTMENT, 
      AMT_MATURITY, AMT_INTEREST, NAME_DEALER, 
      AMT_NOTIONAL, DT_TRADING, CD_TRADE_DIRECTION, 
      ID_PORTFOLIO, NAME_PORTFOLIO, NAME_COUNTERPARTY, 
      AMT_FEE, AMT_TAX, AMT_BROKAGE, 
      ID_BANK_ACCOUNT, NAME_BANK_ACCOUNT, ID_ACCOUNT, 
      NAME_ACCOUNT, ACCOUNT_TYPE, TXT_NOTE, 
      ID_AGENCY, ID_CUST, NAME_CUST, 
      LOAN_TYPE, CD_CONTRACT, ID_BORROW_ACCOUNT, 
      ID_IOU, AMT_ACCOUNT_BALANCE, AMT_SETTLEMENT, 
      AMT_CONTRACT, DEPOSIT_PERIOD, FLAG_ANNUAL_OR_MONTHLY_RATE, 
      GUARANTEE_METHOD, ID_INSTRUMENT)
    values (#{idTransaction,jdbcType=NUMERIC}, #{idTrade,jdbcType=VARCHAR}, #{idCounterparty,jdbcType=VARCHAR}, 
      #{cdBusinessDayConvention,jdbcType=VARCHAR}, #{cdDayCountConvention,jdbcType=VARCHAR}, 
      #{cdPayFrequencyPeriod,jdbcType=VARCHAR}, #{dtEffective,jdbcType=TIMESTAMP}, #{dtMaturity,jdbcType=TIMESTAMP}, 
      #{nbrLoanDays,jdbcType=NUMERIC}, #{rateLoan,jdbcType=NUMERIC}, #{idDepartment,jdbcType=VARCHAR}, 
      #{amtMaturity,jdbcType=NUMERIC}, #{amtInterest,jdbcType=NUMERIC}, #{nameDealer,jdbcType=VARCHAR}, 
      #{amtNotional,jdbcType=NUMERIC}, #{dtTrading,jdbcType=TIMESTAMP}, #{cdTradeDirection,jdbcType=VARCHAR}, 
      #{idPortfolio,jdbcType=VARCHAR}, #{namePortfolio,jdbcType=VARCHAR}, #{nameCounterparty,jdbcType=VARCHAR}, 
      #{amtFee,jdbcType=NUMERIC}, #{amtTax,jdbcType=NUMERIC}, #{amtBrokage,jdbcType=NUMERIC}, 
      #{idBankAccount,jdbcType=VARCHAR}, #{nameBankAccount,jdbcType=VARCHAR}, #{idAccount,jdbcType=VARCHAR}, 
      #{nameAccount,jdbcType=VARCHAR}, #{accountType,jdbcType=VARCHAR}, #{txtNote,jdbcType=VARCHAR}, 
      #{idAgency,jdbcType=VARCHAR}, #{idCust,jdbcType=VARCHAR}, #{nameCust,jdbcType=VARCHAR}, 
      #{loanType,jdbcType=VARCHAR}, #{cdContract,jdbcType=VARCHAR}, #{idBorrowAccount,jdbcType=VARCHAR}, 
      #{idIou,jdbcType=VARCHAR}, #{amtAccountBalance,jdbcType=NUMERIC}, #{amtSettlement,jdbcType=NUMERIC}, 
      #{amtContract,jdbcType=NUMERIC}, #{depositPeriod,jdbcType=NUMERIC}, #{flagAnnualOrMonthlyRate,jdbcType=VARCHAR}, 
      #{guaranteeMethod,jdbcType=VARCHAR}, #{idInstrument,jdbcType=VARCHAR})
  </insert>
  <insert id="insertSelective" parameterType="com.rquest.riskmaster.entity.TxnsInterbankLoan" >
    insert into TXNS_INTERBANK_LOAN
    <trim prefix="(" suffix=")" suffixOverrides="," >
      <if test="idTransaction != null" >
        ID_TRANSACTION,
      </if>
      <if test="idTrade != null" >
        ID_TRADE,
      </if>
      <if test="idCounterparty != null" >
        ID_COUNTERPARTY,
      </if>
      <if test="cdBusinessDayConvention != null" >
        CD_BUSINESS_DAY_CONVENTION,
      </if>
      <if test="cdDayCountConvention != null" >
        CD_DAY_COUNT_CONVENTION,
      </if>
      <if test="cdPayFrequencyPeriod != null" >
        CD_PAY_FREQUENCY_PERIOD,
      </if>
      <if test="dtEffective != null" >
        DT_EFFECTIVE,
      </if>
      <if test="dtMaturity != null" >
        DT_MATURITY,
      </if>
      <if test="nbrLoanDays != null" >
        NBR_LOAN_DAYS,
      </if>
      <if test="rateLoan != null" >
        RATE_LOAN,
      </if>
      <if test="idDepartment != null" >
        ID_DEPARTMENT,
      </if>
      <if test="amtMaturity != null" >
        AMT_MATURITY,
      </if>
      <if test="amtInterest != null" >
        AMT_INTEREST,
      </if>
      <if test="nameDealer != null" >
        NAME_DEALER,
      </if>
      <if test="amtNotional != null" >
        AMT_NOTIONAL,
      </if>
      <if test="dtTrading != null" >
        DT_TRADING,
      </if>
      <if test="cdTradeDirection != null" >
        CD_TRADE_DIRECTION,
      </if>
      <if test="idPortfolio != null" >
        ID_PORTFOLIO,
      </if>
      <if test="namePortfolio != null" >
        NAME_PORTFOLIO,
      </if>
      <if test="nameCounterparty != null" >
        NAME_COUNTERPARTY,
      </if>
      <if test="amtFee != null" >
        AMT_FEE,
      </if>
      <if test="amtTax != null" >
        AMT_TAX,
      </if>
      <if test="amtBrokage != null" >
        AMT_BROKAGE,
      </if>
      <if test="idBankAccount != null" >
        ID_BANK_ACCOUNT,
      </if>
      <if test="nameBankAccount != null" >
        NAME_BANK_ACCOUNT,
      </if>
      <if test="idAccount != null" >
        ID_ACCOUNT,
      </if>
      <if test="nameAccount != null" >
        NAME_ACCOUNT,
      </if>
      <if test="accountType != null" >
        ACCOUNT_TYPE,
      </if>
      <if test="txtNote != null" >
        TXT_NOTE,
      </if>
      <if test="idAgency != null" >
        ID_AGENCY,
      </if>
      <if test="idCust != null" >
        ID_CUST,
      </if>
      <if test="nameCust != null" >
        NAME_CUST,
      </if>
      <if test="loanType != null" >
        LOAN_TYPE,
      </if>
      <if test="cdContract != null" >
        CD_CONTRACT,
      </if>
      <if test="idBorrowAccount != null" >
        ID_BORROW_ACCOUNT,
      </if>
      <if test="idIou != null" >
        ID_IOU,
      </if>
      <if test="amtAccountBalance != null" >
        AMT_ACCOUNT_BALANCE,
      </if>
      <if test="amtSettlement != null" >
        AMT_SETTLEMENT,
      </if>
      <if test="amtContract != null" >
        AMT_CONTRACT,
      </if>
      <if test="depositPeriod != null" >
        DEPOSIT_PERIOD,
      </if>
      <if test="flagAnnualOrMonthlyRate != null" >
        FLAG_ANNUAL_OR_MONTHLY_RATE,
      </if>
      <if test="guaranteeMethod != null" >
        GUARANTEE_METHOD,
      </if>
      <if test="idInstrument != null" >
        ID_INSTRUMENT,
      </if>
    </trim>
    <trim prefix="values (" suffix=")" suffixOverrides="," >
      <if test="idTransaction != null" >
        #{idTransaction,jdbcType=NUMERIC},
      </if>
      <if test="idTrade != null" >
        #{idTrade,jdbcType=VARCHAR},
      </if>
      <if test="idCounterparty != null" >
        #{idCounterparty,jdbcType=VARCHAR},
      </if>
      <if test="cdBusinessDayConvention != null" >
        #{cdBusinessDayConvention,jdbcType=VARCHAR},
      </if>
      <if test="cdDayCountConvention != null" >
        #{cdDayCountConvention,jdbcType=VARCHAR},
      </if>
      <if test="cdPayFrequencyPeriod != null" >
        #{cdPayFrequencyPeriod,jdbcType=VARCHAR},
      </if>
      <if test="dtEffective != null" >
        #{dtEffective,jdbcType=TIMESTAMP},
      </if>
      <if test="dtMaturity != null" >
        #{dtMaturity,jdbcType=TIMESTAMP},
      </if>
      <if test="nbrLoanDays != null" >
        #{nbrLoanDays,jdbcType=NUMERIC},
      </if>
      <if test="rateLoan != null" >
        #{rateLoan,jdbcType=NUMERIC},
      </if>
      <if test="idDepartment != null" >
        #{idDepartment,jdbcType=VARCHAR},
      </if>
      <if test="amtMaturity != null" >
        #{amtMaturity,jdbcType=NUMERIC},
      </if>
      <if test="amtInterest != null" >
        #{amtInterest,jdbcType=NUMERIC},
      </if>
      <if test="nameDealer != null" >
        #{nameDealer,jdbcType=VARCHAR},
      </if>
      <if test="amtNotional != null" >
        #{amtNotional,jdbcType=NUMERIC},
      </if>
      <if test="dtTrading != null" >
        #{dtTrading,jdbcType=TIMESTAMP},
      </if>
      <if test="cdTradeDirection != null" >
        #{cdTradeDirection,jdbcType=VARCHAR},
      </if>
      <if test="idPortfolio != null" >
        #{idPortfolio,jdbcType=VARCHAR},
      </if>
      <if test="namePortfolio != null" >
        #{namePortfolio,jdbcType=VARCHAR},
      </if>
      <if test="nameCounterparty != null" >
        #{nameCounterparty,jdbcType=VARCHAR},
      </if>
      <if test="amtFee != null" >
        #{amtFee,jdbcType=NUMERIC},
      </if>
      <if test="amtTax != null" >
        #{amtTax,jdbcType=NUMERIC},
      </if>
      <if test="amtBrokage != null" >
        #{amtBrokage,jdbcType=NUMERIC},
      </if>
      <if test="idBankAccount != null" >
        #{idBankAccount,jdbcType=VARCHAR},
      </if>
      <if test="nameBankAccount != null" >
        #{nameBankAccount,jdbcType=VARCHAR},
      </if>
      <if test="idAccount != null" >
        #{idAccount,jdbcType=VARCHAR},
      </if>
      <if test="nameAccount != null" >
        #{nameAccount,jdbcType=VARCHAR},
      </if>
      <if test="accountType != null" >
        #{accountType,jdbcType=VARCHAR},
      </if>
      <if test="txtNote != null" >
        #{txtNote,jdbcType=VARCHAR},
      </if>
      <if test="idAgency != null" >
        #{idAgency,jdbcType=VARCHAR},
      </if>
      <if test="idCust != null" >
        #{idCust,jdbcType=VARCHAR},
      </if>
      <if test="nameCust != null" >
        #{nameCust,jdbcType=VARCHAR},
      </if>
      <if test="loanType != null" >
        #{loanType,jdbcType=VARCHAR},
      </if>
      <if test="cdContract != null" >
        #{cdContract,jdbcType=VARCHAR},
      </if>
      <if test="idBorrowAccount != null" >
        #{idBorrowAccount,jdbcType=VARCHAR},
      </if>
      <if test="idIou != null" >
        #{idIou,jdbcType=VARCHAR},
      </if>
      <if test="amtAccountBalance != null" >
        #{amtAccountBalance,jdbcType=NUMERIC},
      </if>
      <if test="amtSettlement != null" >
        #{amtSettlement,jdbcType=NUMERIC},
      </if>
      <if test="amtContract != null" >
        #{amtContract,jdbcType=NUMERIC},
      </if>
      <if test="depositPeriod != null" >
        #{depositPeriod,jdbcType=NUMERIC},
      </if>
      <if test="flagAnnualOrMonthlyRate != null" >
        #{flagAnnualOrMonthlyRate,jdbcType=VARCHAR},
      </if>
      <if test="guaranteeMethod != null" >
        #{guaranteeMethod,jdbcType=VARCHAR},
      </if>
      <if test="idInstrument != null" >
        #{idInstrument,jdbcType=VARCHAR},
      </if>
    </trim>
  </insert>
  <update id="updateByPrimaryKeySelective" parameterType="com.rquest.riskmaster.entity.TxnsInterbankLoan" >
    update TXNS_INTERBANK_LOAN
    <set >
      <if test="idTrade != null" >
        ID_TRADE = #{idTrade,jdbcType=VARCHAR},
      </if>
      <if test="idCounterparty != null" >
        ID_COUNTERPARTY = #{idCounterparty,jdbcType=VARCHAR},
      </if>
      <if test="cdBusinessDayConvention != null" >
        CD_BUSINESS_DAY_CONVENTION = #{cdBusinessDayConvention,jdbcType=VARCHAR},
      </if>
      <if test="cdDayCountConvention != null" >
        CD_DAY_COUNT_CONVENTION = #{cdDayCountConvention,jdbcType=VARCHAR},
      </if>
      <if test="cdPayFrequencyPeriod != null" >
        CD_PAY_FREQUENCY_PERIOD = #{cdPayFrequencyPeriod,jdbcType=VARCHAR},
      </if>
      <if test="dtEffective != null" >
        DT_EFFECTIVE = #{dtEffective,jdbcType=TIMESTAMP},
      </if>
      <if test="dtMaturity != null" >
        DT_MATURITY = #{dtMaturity,jdbcType=TIMESTAMP},
      </if>
      <if test="nbrLoanDays != null" >
        NBR_LOAN_DAYS = #{nbrLoanDays,jdbcType=NUMERIC},
      </if>
      <if test="rateLoan != null" >
        RATE_LOAN = #{rateLoan,jdbcType=NUMERIC},
      </if>
      <if test="idDepartment != null" >
        ID_DEPARTMENT = #{idDepartment,jdbcType=VARCHAR},
      </if>
      <if test="amtMaturity != null" >
        AMT_MATURITY = #{amtMaturity,jdbcType=NUMERIC},
      </if>
      <if test="amtInterest != null" >
        AMT_INTEREST = #{amtInterest,jdbcType=NUMERIC},
      </if>
      <if test="nameDealer != null" >
        NAME_DEALER = #{nameDealer,jdbcType=VARCHAR},
      </if>
      <if test="amtNotional != null" >
        AMT_NOTIONAL = #{amtNotional,jdbcType=NUMERIC},
      </if>
      <if test="dtTrading != null" >
        DT_TRADING = #{dtTrading,jdbcType=TIMESTAMP},
      </if>
      <if test="cdTradeDirection != null" >
        CD_TRADE_DIRECTION = #{cdTradeDirection,jdbcType=VARCHAR},
      </if>
      <if test="idPortfolio != null" >
        ID_PORTFOLIO = #{idPortfolio,jdbcType=VARCHAR},
      </if>
      <if test="namePortfolio != null" >
        NAME_PORTFOLIO = #{namePortfolio,jdbcType=VARCHAR},
      </if>
      <if test="nameCounterparty != null" >
        NAME_COUNTERPARTY = #{nameCounterparty,jdbcType=VARCHAR},
      </if>
      <if test="amtFee != null" >
        AMT_FEE = #{amtFee,jdbcType=NUMERIC},
      </if>
      <if test="amtTax != null" >
        AMT_TAX = #{amtTax,jdbcType=NUMERIC},
      </if>
      <if test="amtBrokage != null" >
        AMT_BROKAGE = #{amtBrokage,jdbcType=NUMERIC},
      </if>
      <if test="idBankAccount != null" >
        ID_BANK_ACCOUNT = #{idBankAccount,jdbcType=VARCHAR},
      </if>
      <if test="nameBankAccount != null" >
        NAME_BANK_ACCOUNT = #{nameBankAccount,jdbcType=VARCHAR},
      </if>
      <if test="idAccount != null" >
        ID_ACCOUNT = #{idAccount,jdbcType=VARCHAR},
      </if>
      <if test="nameAccount != null" >
        NAME_ACCOUNT = #{nameAccount,jdbcType=VARCHAR},
      </if>
      <if test="accountType != null" >
        ACCOUNT_TYPE = #{accountType,jdbcType=VARCHAR},
      </if>
      <if test="txtNote != null" >
        TXT_NOTE = #{txtNote,jdbcType=VARCHAR},
      </if>
      <if test="idAgency != null" >
        ID_AGENCY = #{idAgency,jdbcType=VARCHAR},
      </if>
      <if test="idCust != null" >
        ID_CUST = #{idCust,jdbcType=VARCHAR},
      </if>
      <if test="nameCust != null" >
        NAME_CUST = #{nameCust,jdbcType=VARCHAR},
      </if>
      <if test="loanType != null" >
        LOAN_TYPE = #{loanType,jdbcType=VARCHAR},
      </if>
      <if test="cdContract != null" >
        CD_CONTRACT = #{cdContract,jdbcType=VARCHAR},
      </if>
      <if test="idBorrowAccount != null" >
        ID_BORROW_ACCOUNT = #{idBorrowAccount,jdbcType=VARCHAR},
      </if>
      <if test="idIou != null" >
        ID_IOU = #{idIou,jdbcType=VARCHAR},
      </if>
      <if test="amtAccountBalance != null" >
        AMT_ACCOUNT_BALANCE = #{amtAccountBalance,jdbcType=NUMERIC},
      </if>
      <if test="amtSettlement != null" >
        AMT_SETTLEMENT = #{amtSettlement,jdbcType=NUMERIC},
      </if>
      <if test="amtContract != null" >
        AMT_CONTRACT = #{amtContract,jdbcType=NUMERIC},
      </if>
      <if test="depositPeriod != null" >
        DEPOSIT_PERIOD = #{depositPeriod,jdbcType=NUMERIC},
      </if>
      <if test="flagAnnualOrMonthlyRate != null" >
        FLAG_ANNUAL_OR_MONTHLY_RATE = #{flagAnnualOrMonthlyRate,jdbcType=VARCHAR},
      </if>
      <if test="guaranteeMethod != null" >
        GUARANTEE_METHOD = #{guaranteeMethod,jdbcType=VARCHAR},
      </if>
      <if test="idInstrument != null" >
        ID_INSTRUMENT = #{idInstrument,jdbcType=VARCHAR},
      </if>
    </set>
    where ID_TRANSACTION = #{idTransaction,jdbcType=NUMERIC}
  </update>
  <update id="updateByPrimaryKey" parameterType="com.rquest.riskmaster.entity.TxnsInterbankLoan" >
    update TXNS_INTERBANK_LOAN
    set ID_TRADE = #{idTrade,jdbcType=VARCHAR},
      ID_COUNTERPARTY = #{idCounterparty,jdbcType=VARCHAR},
      CD_BUSINESS_DAY_CONVENTION = #{cdBusinessDayConvention,jdbcType=VARCHAR},
      CD_DAY_COUNT_CONVENTION = #{cdDayCountConvention,jdbcType=VARCHAR},
      CD_PAY_FREQUENCY_PERIOD = #{cdPayFrequencyPeriod,jdbcType=VARCHAR},
      DT_EFFECTIVE = #{dtEffective,jdbcType=TIMESTAMP},
      DT_MATURITY = #{dtMaturity,jdbcType=TIMESTAMP},
      NBR_LOAN_DAYS = #{nbrLoanDays,jdbcType=NUMERIC},
      RATE_LOAN = #{rateLoan,jdbcType=NUMERIC},
      ID_DEPARTMENT = #{idDepartment,jdbcType=VARCHAR},
      AMT_MATURITY = #{amtMaturity,jdbcType=NUMERIC},
      AMT_INTEREST = #{amtInterest,jdbcType=NUMERIC},
      NAME_DEALER = #{nameDealer,jdbcType=VARCHAR},
      AMT_NOTIONAL = #{amtNotional,jdbcType=NUMERIC},
      DT_TRADING = #{dtTrading,jdbcType=TIMESTAMP},
      CD_TRADE_DIRECTION = #{cdTradeDirection,jdbcType=VARCHAR},
      ID_PORTFOLIO = #{idPortfolio,jdbcType=VARCHAR},
      NAME_PORTFOLIO = #{namePortfolio,jdbcType=VARCHAR},
      NAME_COUNTERPARTY = #{nameCounterparty,jdbcType=VARCHAR},
      AMT_FEE = #{amtFee,jdbcType=NUMERIC},
      AMT_TAX = #{amtTax,jdbcType=NUMERIC},
      AMT_BROKAGE = #{amtBrokage,jdbcType=NUMERIC},
      ID_BANK_ACCOUNT = #{idBankAccount,jdbcType=VARCHAR},
      NAME_BANK_ACCOUNT = #{nameBankAccount,jdbcType=VARCHAR},
      ID_ACCOUNT = #{idAccount,jdbcType=VARCHAR},
      NAME_ACCOUNT = #{nameAccount,jdbcType=VARCHAR},
      ACCOUNT_TYPE = #{accountType,jdbcType=VARCHAR},
      TXT_NOTE = #{txtNote,jdbcType=VARCHAR},
      ID_AGENCY = #{idAgency,jdbcType=VARCHAR},
      ID_CUST = #{idCust,jdbcType=VARCHAR},
      NAME_CUST = #{nameCust,jdbcType=VARCHAR},
      LOAN_TYPE = #{loanType,jdbcType=VARCHAR},
      CD_CONTRACT = #{cdContract,jdbcType=VARCHAR},
      ID_BORROW_ACCOUNT = #{idBorrowAccount,jdbcType=VARCHAR},
      ID_IOU = #{idIou,jdbcType=VARCHAR},
      AMT_ACCOUNT_BALANCE = #{amtAccountBalance,jdbcType=NUMERIC},
      AMT_SETTLEMENT = #{amtSettlement,jdbcType=NUMERIC},
      AMT_CONTRACT = #{amtContract,jdbcType=NUMERIC},
      DEPOSIT_PERIOD = #{depositPeriod,jdbcType=NUMERIC},
      FLAG_ANNUAL_OR_MONTHLY_RATE = #{flagAnnualOrMonthlyRate,jdbcType=VARCHAR},
      GUARANTEE_METHOD = #{guaranteeMethod,jdbcType=VARCHAR},
      ID_INSTRUMENT = #{idInstrument,jdbcType=VARCHAR}
    where ID_TRANSACTION = #{idTransaction,jdbcType=NUMERIC}
  </update>
</mapper>