<?xml version="1.0" encoding="UTF-8" ?>
<!DOCTYPE mapper PUBLIC "-//mybatis.org//DTD Mapper 3.0//EN" "http://mybatis.org/dtd/mybatis-3-mapper.dtd" >
<mapper namespace="com.rquest.riskmaster.mapper.TxnsGoldMapper" >
  <resultMap id="BaseResultMap" type="com.rquest.riskmaster.entity.TxnsGold" >
    <result column="ID_TRANSACTION" property="idTransaction" jdbcType="NUMERIC" />
    <result column="ID_TRADE" property="idTrade" jdbcType="VARCHAR" />
    <result column="DT_TRADE" property="dtTrade" jdbcType="TIMESTAMP" />
    <result column="ID_TRADER" property="idTrader" jdbcType="VARCHAR" />
    <result column="ID_DEPARTMENT" property="idDepartment" jdbcType="VARCHAR" />
    <result column="ID_CLIENT" property="idClient" jdbcType="VARCHAR" />
    <result column="NAME_CLIENT" property="nameClient" jdbcType="VARCHAR" />
    <result column="CD_TRADE_DIRECTION" property="cdTradeDirection" jdbcType="VARCHAR" />
    <result column="CD_EVENT" property="cdEvent" jdbcType="VARCHAR" />
    <result column="ID_SECURITY" property="idSecurity" jdbcType="VARCHAR" />
    <result column="AMT_CONTRACT_SIZE" property="amtContractSize" jdbcType="NUMERIC" />
    <result column="AMT_VOLUME" property="amtVolume" jdbcType="NUMERIC" />
    <result column="AMT_NOTIONAL" property="amtNotional" jdbcType="NUMERIC" />
    <result column="NBR_VERSION" property="nbrVersion" jdbcType="NUMERIC" />
    <result column="CD_PURPOSE" property="cdPurpose" jdbcType="VARCHAR" />
    <result column="AMT_MATCH_PRICE" property="amtMatchPrice" jdbcType="NUMERIC" />
  </resultMap>
  <insert id="insert" parameterType="com.rquest.riskmaster.entity.TxnsGold" >
    insert into TXNS_GOLD (ID_TRANSACTION, ID_TRADE, DT_TRADE, 
      ID_TRADER, ID_DEPARTMENT, ID_CLIENT, 
      NAME_CLIENT, CD_TRADE_DIRECTION, CD_EVENT, 
      ID_SECURITY, AMT_CONTRACT_SIZE, AMT_VOLUME, 
      AMT_NOTIONAL, NBR_VERSION, CD_PURPOSE, 
      AMT_MATCH_PRICE)
    values (#{idTransaction,jdbcType=NUMERIC}, #{idTrade,jdbcType=VARCHAR}, #{dtTrade,jdbcType=TIMESTAMP}, 
      #{idTrader,jdbcType=VARCHAR}, #{idDepartment,jdbcType=VARCHAR}, #{idClient,jdbcType=VARCHAR}, 
      #{nameClient,jdbcType=VARCHAR}, #{cdTradeDirection,jdbcType=VARCHAR}, #{cdEvent,jdbcType=VARCHAR}, 
      #{idSecurity,jdbcType=VARCHAR}, #{amtContractSize,jdbcType=NUMERIC}, #{amtVolume,jdbcType=NUMERIC}, 
      #{amtNotional,jdbcType=NUMERIC}, #{nbrVersion,jdbcType=NUMERIC}, #{cdPurpose,jdbcType=VARCHAR}, 
      #{amtMatchPrice,jdbcType=NUMERIC})
  </insert>
  <insert id="insertSelective" parameterType="com.rquest.riskmaster.entity.TxnsGold" >
    insert into TXNS_GOLD
    <trim prefix="(" suffix=")" suffixOverrides="," >
      <if test="idTransaction != null" >
        ID_TRANSACTION,
      </if>
      <if test="idTrade != null" >
        ID_TRADE,
      </if>
      <if test="dtTrade != null" >
        DT_TRADE,
      </if>
      <if test="idTrader != null" >
        ID_TRADER,
      </if>
      <if test="idDepartment != null" >
        ID_DEPARTMENT,
      </if>
      <if test="idClient != null" >
        ID_CLIENT,
      </if>
      <if test="nameClient != null" >
        NAME_CLIENT,
      </if>
      <if test="cdTradeDirection != null" >
        CD_TRADE_DIRECTION,
      </if>
      <if test="cdEvent != null" >
        CD_EVENT,
      </if>
      <if test="idSecurity != null" >
        ID_SECURITY,
      </if>
      <if test="amtContractSize != null" >
        AMT_CONTRACT_SIZE,
      </if>
      <if test="amtVolume != null" >
        AMT_VOLUME,
      </if>
      <if test="amtNotional != null" >
        AMT_NOTIONAL,
      </if>
      <if test="nbrVersion != null" >
        NBR_VERSION,
      </if>
      <if test="cdPurpose != null" >
        CD_PURPOSE,
      </if>
      <if test="amtMatchPrice != null" >
        AMT_MATCH_PRICE,
      </if>
    </trim>
    <trim prefix="values (" suffix=")" suffixOverrides="," >
      <if test="idTransaction != null" >
        #{idTransaction,jdbcType=NUMERIC},
      </if>
      <if test="idTrade != null" >
        #{idTrade,jdbcType=VARCHAR},
      </if>
      <if test="dtTrade != null" >
        #{dtTrade,jdbcType=TIMESTAMP},
      </if>
      <if test="idTrader != null" >
        #{idTrader,jdbcType=VARCHAR},
      </if>
      <if test="idDepartment != null" >
        #{idDepartment,jdbcType=VARCHAR},
      </if>
      <if test="idClient != null" >
        #{idClient,jdbcType=VARCHAR},
      </if>
      <if test="nameClient != null" >
        #{nameClient,jdbcType=VARCHAR},
      </if>
      <if test="cdTradeDirection != null" >
        #{cdTradeDirection,jdbcType=VARCHAR},
      </if>
      <if test="cdEvent != null" >
        #{cdEvent,jdbcType=VARCHAR},
      </if>
      <if test="idSecurity != null" >
        #{idSecurity,jdbcType=VARCHAR},
      </if>
      <if test="amtContractSize != null" >
        #{amtContractSize,jdbcType=NUMERIC},
      </if>
      <if test="amtVolume != null" >
        #{amtVolume,jdbcType=NUMERIC},
      </if>
      <if test="amtNotional != null" >
        #{amtNotional,jdbcType=NUMERIC},
      </if>
      <if test="nbrVersion != null" >
        #{nbrVersion,jdbcType=NUMERIC},
      </if>
      <if test="cdPurpose != null" >
        #{cdPurpose,jdbcType=VARCHAR},
      </if>
      <if test="amtMatchPrice != null" >
        #{amtMatchPrice,jdbcType=NUMERIC},
      </if>
    </trim>
  </insert>
</mapper>