<?xml version="1.0" encoding="UTF-8" ?>
<!DOCTYPE mapper PUBLIC "-//mybatis.org//DTD Mapper 3.0//EN" "http://mybatis.org/dtd/mybatis-3-mapper.dtd" >
<mapper namespace="com.rquest.riskmaster.mapper.TxnsNonStandardAssetMapper" >
  <resultMap id="BaseResultMap" type="com.rquest.riskmaster.entity.TxnsNonStandardAsset" >
    <result column="ID_TRANSACTION" property="idTransaction" jdbcType="VARCHAR" />
    <result column="ID_TRADE" property="idTrade" jdbcType="VARCHAR" />
    <result column="ID_PORTFOLIO" property="idPortfolio" jdbcType="VARCHAR" />
    <result column="CD_ASSET" property="cdAsset" jdbcType="VARCHAR" />
    <result column="NAME_ASSET" property="nameAsset" jdbcType="VARCHAR" />
    <result column="DT_TRADE" property="dtTrade" jdbcType="TIMESTAMP" />
    <result column="DT_EFFECTIVE" property="dtEffective" jdbcType="TIMESTAMP" />
    <result column="DT_CONTRACT_MATURITY" property="dtContractMaturity" jdbcType="TIMESTAMP" />
    <result column="CD_TRADE_DIRECTION" property="cdTradeDirection" jdbcType="VARCHAR" />
    <result column="RATE_ANNUAL" property="rateAnnual" jdbcType="NUMERIC" />
    <result column="AMT_INTEREST" property="amtInterest" jdbcType="NUMERIC" />
    <result column="AMT_PAID_INTEREST" property="amtPaidInterest" jdbcType="NUMERIC" />
    <result column="AMT_PRICE" property="amtPrice" jdbcType="NUMERIC" />
    <result column="AMT_NOTIONAL" property="amtNotional" jdbcType="NUMERIC" />
    <result column="CD_CURRENCY" property="cdCurrency" jdbcType="VARCHAR" />
    <result column="CD_DAY_COUNT_CONVENTION" property="cdDayCountConvention" jdbcType="VARCHAR" />
    <result column="AMT_FEE" property="amtFee" jdbcType="NUMERIC" />
    <result column="AMT_TAX" property="amtTax" jdbcType="NUMERIC" />
    <result column="AMT_BROKAGE" property="amtBrokage" jdbcType="NUMERIC" />
    <result column="ID_DEPARTMENT" property="idDepartment" jdbcType="VARCHAR" />
    <result column="NAME_COUNTER_PARTY" property="nameCounterParty" jdbcType="VARCHAR" />
    <result column="ID_COUNTER_PARTY" property="idCounterParty" jdbcType="VARCHAR" />
    <result column="FIRST_SETTLE_TYPE" property="firstSettleType" jdbcType="NUMERIC" />
    <result column="AMT_SETTLE" property="amtSettle" jdbcType="NUMERIC" />
    <result column="ID_DEALER" property="idDealer" jdbcType="VARCHAR" />
    <result column="NBR_SERIAL" property="nbrSerial" jdbcType="VARCHAR" />
    <result column="CFETS_FLAG" property="cfetsFlag" jdbcType="VARCHAR" />
  </resultMap>
  <insert id="insert" parameterType="com.rquest.riskmaster.entity.TxnsNonStandardAsset" >
    insert into TXNS_WI_INTERBANK (ID_TRANSACTION, ID_TRADE, ID_PORTFOLIO, 
      CD_ASSET, NAME_ASSET, DT_TRADE, 
      DT_EFFECTIVE, DT_CONTRACT_MATURITY, CD_TRADE_DIRECTION, 
      RATE_ANNUAL, AMT_INTEREST, AMT_PAID_INTEREST, 
      AMT_PRICE, AMT_NOTIONAL, CD_CURRENCY, 
      CD_DAY_COUNT_CONVENTION, AMT_FEE, AMT_TAX, 
      AMT_BROKAGE, ID_DEPARTMENT, NAME_COUNTER_PARTY, 
      ID_COUNTER_PARTY, FIRST_SETTLE_TYPE, AMT_SETTLE, 
      ID_DEALER, NBR_SERIAL, CFETS_FLAG
      )
    values (#{idTransaction,jdbcType=VARCHAR}, #{idTrade,jdbcType=VARCHAR}, #{idPortfolio,jdbcType=VARCHAR}, 
      #{cdAsset,jdbcType=VARCHAR}, #{nameAsset,jdbcType=VARCHAR}, #{dtTrade,jdbcType=TIMESTAMP}, 
      #{dtEffective,jdbcType=TIMESTAMP}, #{dtContractMaturity,jdbcType=TIMESTAMP}, #{cdTradeDirection,jdbcType=VARCHAR}, 
      #{rateAnnual,jdbcType=NUMERIC}, #{amtInterest,jdbcType=NUMERIC}, #{amtPaidInterest,jdbcType=NUMERIC}, 
      #{amtPrice,jdbcType=NUMERIC}, #{amtNotional,jdbcType=NUMERIC}, #{cdCurrency,jdbcType=VARCHAR}, 
      #{cdDayCountConvention,jdbcType=VARCHAR}, #{amtFee,jdbcType=NUMERIC}, #{amtTax,jdbcType=NUMERIC}, 
      #{amtBrokage,jdbcType=NUMERIC}, #{idDepartment,jdbcType=VARCHAR}, #{nameCounterParty,jdbcType=VARCHAR}, 
      #{idCounterParty,jdbcType=VARCHAR}, #{firstSettleType,jdbcType=NUMERIC}, #{amtSettle,jdbcType=NUMERIC}, 
      #{idDealer,jdbcType=VARCHAR}, #{nbrSerial,jdbcType=VARCHAR}, #{cfetsFlag,jdbcType=VARCHAR}
      )
  </insert>
  <insert id="insertSelective" parameterType="com.rquest.riskmaster.entity.TxnsNonStandardAsset" >
    insert into TXNS_WI_INTERBANK
    <trim prefix="(" suffix=")" suffixOverrides="," >
      <if test="idTransaction != null" >
        ID_TRANSACTION,
      </if>
      <if test="idTrade != null" >
        ID_TRADE,
      </if>
      <if test="idPortfolio != null" >
        ID_PORTFOLIO,
      </if>
      <if test="cdAsset != null" >
        CD_ASSET,
      </if>
      <if test="nameAsset != null" >
        NAME_ASSET,
      </if>
      <if test="dtTrade != null" >
        DT_TRADE,
      </if>
      <if test="dtEffective != null" >
        DT_EFFECTIVE,
      </if>
      <if test="dtContractMaturity != null" >
        DT_CONTRACT_MATURITY,
      </if>
      <if test="cdTradeDirection != null" >
        CD_TRADE_DIRECTION,
      </if>
      <if test="rateAnnual != null" >
        RATE_ANNUAL,
      </if>
      <if test="amtInterest != null" >
        AMT_INTEREST,
      </if>
      <if test="amtPaidInterest != null" >
        AMT_PAID_INTEREST,
      </if>
      <if test="amtPrice != null" >
        AMT_PRICE,
      </if>
      <if test="amtNotional != null" >
        AMT_NOTIONAL,
      </if>
      <if test="cdCurrency != null" >
        CD_CURRENCY,
      </if>
      <if test="cdDayCountConvention != null" >
        CD_DAY_COUNT_CONVENTION,
      </if>
      <if test="amtFee != null" >
        AMT_FEE,
      </if>
      <if test="amtTax != null" >
        AMT_TAX,
      </if>
      <if test="amtBrokage != null" >
        AMT_BROKAGE,
      </if>
      <if test="idDepartment != null" >
        ID_DEPARTMENT,
      </if>
      <if test="nameCounterParty != null" >
        NAME_COUNTER_PARTY,
      </if>
      <if test="idCounterParty != null" >
        ID_COUNTER_PARTY,
      </if>
      <if test="firstSettleType != null" >
        FIRST_SETTLE_TYPE,
      </if>
      <if test="amtSettle != null" >
        AMT_SETTLE,
      </if>
      <if test="idDealer != null" >
        ID_DEALER,
      </if>
      <if test="nbrSerial != null" >
        NBR_SERIAL,
      </if>
      <if test="cfetsFlag != null" >
        CFETS_FLAG,
      </if>
    </trim>
    <trim prefix="values (" suffix=")" suffixOverrides="," >
      <if test="idTransaction != null" >
        #{idTransaction,jdbcType=VARCHAR},
      </if>
      <if test="idTrade != null" >
        #{idTrade,jdbcType=VARCHAR},
      </if>
      <if test="idPortfolio != null" >
        #{idPortfolio,jdbcType=VARCHAR},
      </if>
      <if test="cdAsset != null" >
        #{cdAsset,jdbcType=VARCHAR},
      </if>
      <if test="nameAsset != null" >
        #{nameAsset,jdbcType=VARCHAR},
      </if>
      <if test="dtTrade != null" >
        #{dtTrade,jdbcType=TIMESTAMP},
      </if>
      <if test="dtEffective != null" >
        #{dtEffective,jdbcType=TIMESTAMP},
      </if>
      <if test="dtContractMaturity != null" >
        #{dtContractMaturity,jdbcType=TIMESTAMP},
      </if>
      <if test="cdTradeDirection != null" >
        #{cdTradeDirection,jdbcType=VARCHAR},
      </if>
      <if test="rateAnnual != null" >
        #{rateAnnual,jdbcType=NUMERIC},
      </if>
      <if test="amtInterest != null" >
        #{amtInterest,jdbcType=NUMERIC},
      </if>
      <if test="amtPaidInterest != null" >
        #{amtPaidInterest,jdbcType=NUMERIC},
      </if>
      <if test="amtPrice != null" >
        #{amtPrice,jdbcType=NUMERIC},
      </if>
      <if test="amtNotional != null" >
        #{amtNotional,jdbcType=NUMERIC},
      </if>
      <if test="cdCurrency != null" >
        #{cdCurrency,jdbcType=VARCHAR},
      </if>
      <if test="cdDayCountConvention != null" >
        #{cdDayCountConvention,jdbcType=VARCHAR},
      </if>
      <if test="amtFee != null" >
        #{amtFee,jdbcType=NUMERIC},
      </if>
      <if test="amtTax != null" >
        #{amtTax,jdbcType=NUMERIC},
      </if>
      <if test="amtBrokage != null" >
        #{amtBrokage,jdbcType=NUMERIC},
      </if>
      <if test="idDepartment != null" >
        #{idDepartment,jdbcType=VARCHAR},
      </if>
      <if test="nameCounterParty != null" >
        #{nameCounterParty,jdbcType=VARCHAR},
      </if>
      <if test="idCounterParty != null" >
        #{idCounterParty,jdbcType=VARCHAR},
      </if>
      <if test="firstSettleType != null" >
        #{firstSettleType,jdbcType=NUMERIC},
      </if>
      <if test="amtSettle != null" >
        #{amtSettle,jdbcType=NUMERIC},
      </if>
      <if test="idDealer != null" >
        #{idDealer,jdbcType=VARCHAR},
      </if>
      <if test="nbrSerial != null" >
        #{nbrSerial,jdbcType=VARCHAR},
      </if>
      <if test="cfetsFlag != null" >
        #{cfetsFlag,jdbcType=VARCHAR},
      </if>
    </trim>
  </insert>
</mapper>