<?xml version="1.0" encoding="UTF-8" ?>
<!DOCTYPE mapper PUBLIC "-//mybatis.org//DTD Mapper 3.0//EN" "http://mybatis.org/dtd/mybatis-3-mapper.dtd" >
<mapper namespace="com.rquest.riskmaster.mapper.TxnsCommercialPaperMapper" >
  <resultMap id="BaseResultMap" type="com.rquest.riskmaster.entity.TxnsCommercialPaper" >
    <result column="ID_TRADE" property="idTrade" jdbcType="VARCHAR" />
    <result column="ID_AGENCY" property="idAgency" jdbcType="VARCHAR" />
    <result column="BUYBIZ_TYPE" property="buybizType" jdbcType="VARCHAR" />
    <result column="CENTRAL_BANK_FLAG" property="centralBankFlag" jdbcType="VARCHAR" />
    <result column="BUY_TYPE" property="buyType" jdbcType="VARCHAR" />
    <result column="CD_RESELL_TYPE" property="cdResellType" jdbcType="VARCHAR" />
    <result column="NBR_BUSINESS" property="nbrBusiness" jdbcType="VARCHAR" />
    <result column="DRAFT_TYPE" property="draftType" jdbcType="VARCHAR" />
    <result column="DRAFT_ATTR" property="draftAttr" jdbcType="VARCHAR" />
    <result column="CUSTOMER_TYPE" property="customerType" jdbcType="VARCHAR" />
    <result column="DT_BUY_BACK_BEGIN" property="dtBuyBackBegin" jdbcType="VARCHAR" />
    <result column="DT_BUY_BACK_END" property="dtBuyBackEnd" jdbcType="VARCHAR" />
    <result column="ID_CUSTOMER" property="idCustomer" jdbcType="VARCHAR" />
    <result column="NAME_CUSTOMER" property="nameCustomer" jdbcType="VARCHAR" />
    <result column="DT_RESELL" property="dtResell" jdbcType="VARCHAR" />
    <result column="DT_REPURCHASE" property="dtRepurchase" jdbcType="VARCHAR" />
    <result column="RESELL_RATE" property="resellRate" jdbcType="NUMERIC" />
    <result column="RESELL_RATE_TYPE" property="resellRateType" jdbcType="VARCHAR" />
    <result column="BUY_BACK_RATE" property="buyBackRate" jdbcType="NUMERIC" />
    <result column="INTEREST_CALCULATE_TYPE" property="interestCalculateType" jdbcType="VARCHAR" />
    <result column="VIRTUAL_SELL_FLAG" property="virtualSellFlag" jdbcType="VARCHAR" />
    <result column="INNER_FLAG" property="innerFlag" jdbcType="VARCHAR" />
    <result column="TWO_WAY_FLAG" property="twoWayFlag" jdbcType="VARCHAR" />
    <result column="DT_TWO_WAY" property="dtTwoWay" jdbcType="VARCHAR" />
    <result column="ID_OPERATOR" property="idOperator" jdbcType="VARCHAR" />
    <result column="ID_MANAGER" property="idManager" jdbcType="VARCHAR" />
    <result column="ID_DEPARTMENT" property="idDepartment" jdbcType="VARCHAR" />
    <result column="ACCOUNT_STATUS" property="accountStatus" jdbcType="VARCHAR" />
    <result column="AUDIT_STATUS" property="auditStatus" jdbcType="VARCHAR" />
    <result column="MATURITY_STATUS" property="maturityStatus" jdbcType="VARCHAR" />
    <result column="CALC_STATUS" property="calcStatus" jdbcType="VARCHAR" />
    <result column="IN_AREA" property="inArea" jdbcType="VARCHAR" />
    <result column="RATE" property="rate" jdbcType="NUMERIC" />
    <result column="RATE_TYPE" property="rateType" jdbcType="VARCHAR" />
    <result column="DT_BUY" property="dtBuy" jdbcType="VARCHAR" />
    <result column="DT_BUY_SELL_MATURITY" property="dtBuySellMaturity" jdbcType="VARCHAR" />
    <result column="ACCEPT_CONTRACT_NBR" property="acceptContractNbr" jdbcType="VARCHAR" />
    <result column="ID_WEBBANK_CONTRACT" property="idWebbankContract" jdbcType="VARCHAR" />
    <result column="TASK_TYPE" property="taskType" jdbcType="VARCHAR" />
    <result column="AMT_APPLY_ACCEPT" property="amtApplyAccept" jdbcType="NUMERIC" />
    <result column="DT_APPLY_REMIT" property="dtApplyRemit" jdbcType="VARCHAR" />
    <result column="DT_MATURITY" property="dtMaturity" jdbcType="VARCHAR" />
    <result column="APPAY_REASON" property="appayReason" jdbcType="VARCHAR" />
    <result column="FIRST_REPAYMENT_ACCOUNT" property="firstRepaymentAccount" jdbcType="VARCHAR" />
    <result column="SECOND_REPAYMENT_ACCOUNT" property="secondRepaymentAccount" jdbcType="VARCHAR" />
    <result column="AMT_TRADE" property="amtTrade" jdbcType="NUMERIC" />
    <result column="ID_DRAWEE_BANK" property="idDraweeBank" jdbcType="VARCHAR" />
    <result column="CONTRACT_STATUS" property="contractStatus" jdbcType="VARCHAR" />
    <result column="LOGIC_CHECK_STATUS" property="logicCheckStatus" jdbcType="VARCHAR" />
    <result column="CREDIT_CHECK_STATUS" property="creditCheckStatus" jdbcType="VARCHAR" />
    <result column="NBR_VERSION" property="nbrVersion" jdbcType="NUMERIC" />
  </resultMap>
  <insert id="insert" parameterType="com.rquest.riskmaster.entity.TxnsCommercialPaper" >
    insert into TXNS_COMMERCIAL_PAPER (ID_TRADE, ID_AGENCY, BUYBIZ_TYPE, 
      CENTRAL_BANK_FLAG, BUY_TYPE, CD_RESELL_TYPE, 
      NBR_BUSINESS, DRAFT_TYPE, DRAFT_ATTR, 
      CUSTOMER_TYPE, DT_BUY_BACK_BEGIN, DT_BUY_BACK_END, 
      ID_CUSTOMER, NAME_CUSTOMER, DT_RESELL, 
      DT_REPURCHASE, RESELL_RATE, RESELL_RATE_TYPE, 
      BUY_BACK_RATE, INTEREST_CALCULATE_TYPE, VIRTUAL_SELL_FLAG, 
      INNER_FLAG, TWO_WAY_FLAG, DT_TWO_WAY, 
      ID_OPERATOR, ID_MANAGER, ID_DEPARTMENT, 
      ACCOUNT_STATUS, AUDIT_STATUS, MATURITY_STATUS, 
      CALC_STATUS, IN_AREA, RATE, 
      RATE_TYPE, DT_BUY, DT_BUY_SELL_MATURITY, 
      ACCEPT_CONTRACT_NBR, ID_WEBBANK_CONTRACT, TASK_TYPE, 
      AMT_APPLY_ACCEPT, DT_APPLY_REMIT, DT_MATURITY, 
      APPAY_REASON, FIRST_REPAYMENT_ACCOUNT, SECOND_REPAYMENT_ACCOUNT, 
      AMT_TRADE, ID_DRAWEE_BANK, CONTRACT_STATUS, 
      LOGIC_CHECK_STATUS, CREDIT_CHECK_STATUS, NBR_VERSION
      )
    values (#{idTrade,jdbcType=VARCHAR}, #{idAgency,jdbcType=VARCHAR}, #{buybizType,jdbcType=VARCHAR}, 
      #{centralBankFlag,jdbcType=VARCHAR}, #{buyType,jdbcType=VARCHAR}, #{cdResellType,jdbcType=VARCHAR}, 
      #{nbrBusiness,jdbcType=VARCHAR}, #{draftType,jdbcType=VARCHAR}, #{draftAttr,jdbcType=VARCHAR}, 
      #{customerType,jdbcType=VARCHAR}, #{dtBuyBackBegin,jdbcType=VARCHAR}, #{dtBuyBackEnd,jdbcType=VARCHAR}, 
      #{idCustomer,jdbcType=VARCHAR}, #{nameCustomer,jdbcType=VARCHAR}, #{dtResell,jdbcType=VARCHAR}, 
      #{dtRepurchase,jdbcType=VARCHAR}, #{resellRate,jdbcType=NUMERIC}, #{resellRateType,jdbcType=VARCHAR}, 
      #{buyBackRate,jdbcType=NUMERIC}, #{interestCalculateType,jdbcType=VARCHAR}, #{virtualSellFlag,jdbcType=VARCHAR}, 
      #{innerFlag,jdbcType=VARCHAR}, #{twoWayFlag,jdbcType=VARCHAR}, #{dtTwoWay,jdbcType=VARCHAR}, 
      #{idOperator,jdbcType=VARCHAR}, #{idManager,jdbcType=VARCHAR}, #{idDepartment,jdbcType=VARCHAR}, 
      #{accountStatus,jdbcType=VARCHAR}, #{auditStatus,jdbcType=VARCHAR}, #{maturityStatus,jdbcType=VARCHAR}, 
      #{calcStatus,jdbcType=VARCHAR}, #{inArea,jdbcType=VARCHAR}, #{rate,jdbcType=NUMERIC}, 
      #{rateType,jdbcType=VARCHAR}, #{dtBuy,jdbcType=VARCHAR}, #{dtBuySellMaturity,jdbcType=VARCHAR}, 
      #{acceptContractNbr,jdbcType=VARCHAR}, #{idWebbankContract,jdbcType=VARCHAR}, #{taskType,jdbcType=VARCHAR}, 
      #{amtApplyAccept,jdbcType=NUMERIC}, #{dtApplyRemit,jdbcType=VARCHAR}, #{dtMaturity,jdbcType=VARCHAR}, 
      #{appayReason,jdbcType=VARCHAR}, #{firstRepaymentAccount,jdbcType=VARCHAR}, #{secondRepaymentAccount,jdbcType=VARCHAR}, 
      #{amtTrade,jdbcType=NUMERIC}, #{idDraweeBank,jdbcType=VARCHAR}, #{contractStatus,jdbcType=VARCHAR}, 
      #{logicCheckStatus,jdbcType=VARCHAR}, #{creditCheckStatus,jdbcType=VARCHAR}, #{nbrVersion,jdbcType=NUMERIC}
      )
  </insert>
  <insert id="insertSelective" parameterType="com.rquest.riskmaster.entity.TxnsCommercialPaper" >
    insert into TXNS_COMMERCIAL_PAPER
    <trim prefix="(" suffix=")" suffixOverrides="," >
      <if test="idTrade != null" >
        ID_TRADE,
      </if>
      <if test="idAgency != null" >
        ID_AGENCY,
      </if>
      <if test="buybizType != null" >
        BUYBIZ_TYPE,
      </if>
      <if test="centralBankFlag != null" >
        CENTRAL_BANK_FLAG,
      </if>
      <if test="buyType != null" >
        BUY_TYPE,
      </if>
      <if test="cdResellType != null" >
        CD_RESELL_TYPE,
      </if>
      <if test="nbrBusiness != null" >
        NBR_BUSINESS,
      </if>
      <if test="draftType != null" >
        DRAFT_TYPE,
      </if>
      <if test="draftAttr != null" >
        DRAFT_ATTR,
      </if>
      <if test="customerType != null" >
        CUSTOMER_TYPE,
      </if>
      <if test="dtBuyBackBegin != null" >
        DT_BUY_BACK_BEGIN,
      </if>
      <if test="dtBuyBackEnd != null" >
        DT_BUY_BACK_END,
      </if>
      <if test="idCustomer != null" >
        ID_CUSTOMER,
      </if>
      <if test="nameCustomer != null" >
        NAME_CUSTOMER,
      </if>
      <if test="dtResell != null" >
        DT_RESELL,
      </if>
      <if test="dtRepurchase != null" >
        DT_REPURCHASE,
      </if>
      <if test="resellRate != null" >
        RESELL_RATE,
      </if>
      <if test="resellRateType != null" >
        RESELL_RATE_TYPE,
      </if>
      <if test="buyBackRate != null" >
        BUY_BACK_RATE,
      </if>
      <if test="interestCalculateType != null" >
        INTEREST_CALCULATE_TYPE,
      </if>
      <if test="virtualSellFlag != null" >
        VIRTUAL_SELL_FLAG,
      </if>
      <if test="innerFlag != null" >
        INNER_FLAG,
      </if>
      <if test="twoWayFlag != null" >
        TWO_WAY_FLAG,
      </if>
      <if test="dtTwoWay != null" >
        DT_TWO_WAY,
      </if>
      <if test="idOperator != null" >
        ID_OPERATOR,
      </if>
      <if test="idManager != null" >
        ID_MANAGER,
      </if>
      <if test="idDepartment != null" >
        ID_DEPARTMENT,
      </if>
      <if test="accountStatus != null" >
        ACCOUNT_STATUS,
      </if>
      <if test="auditStatus != null" >
        AUDIT_STATUS,
      </if>
      <if test="maturityStatus != null" >
        MATURITY_STATUS,
      </if>
      <if test="calcStatus != null" >
        CALC_STATUS,
      </if>
      <if test="inArea != null" >
        IN_AREA,
      </if>
      <if test="rate != null" >
        RATE,
      </if>
      <if test="rateType != null" >
        RATE_TYPE,
      </if>
      <if test="dtBuy != null" >
        DT_BUY,
      </if>
      <if test="dtBuySellMaturity != null" >
        DT_BUY_SELL_MATURITY,
      </if>
      <if test="acceptContractNbr != null" >
        ACCEPT_CONTRACT_NBR,
      </if>
      <if test="idWebbankContract != null" >
        ID_WEBBANK_CONTRACT,
      </if>
      <if test="taskType != null" >
        TASK_TYPE,
      </if>
      <if test="amtApplyAccept != null" >
        AMT_APPLY_ACCEPT,
      </if>
      <if test="dtApplyRemit != null" >
        DT_APPLY_REMIT,
      </if>
      <if test="dtMaturity != null" >
        DT_MATURITY,
      </if>
      <if test="appayReason != null" >
        APPAY_REASON,
      </if>
      <if test="firstRepaymentAccount != null" >
        FIRST_REPAYMENT_ACCOUNT,
      </if>
      <if test="secondRepaymentAccount != null" >
        SECOND_REPAYMENT_ACCOUNT,
      </if>
      <if test="amtTrade != null" >
        AMT_TRADE,
      </if>
      <if test="idDraweeBank != null" >
        ID_DRAWEE_BANK,
      </if>
      <if test="contractStatus != null" >
        CONTRACT_STATUS,
      </if>
      <if test="logicCheckStatus != null" >
        LOGIC_CHECK_STATUS,
      </if>
      <if test="creditCheckStatus != null" >
        CREDIT_CHECK_STATUS,
      </if>
      <if test="nbrVersion != null" >
        NBR_VERSION,
      </if>
    </trim>
    <trim prefix="values (" suffix=")" suffixOverrides="," >
      <if test="idTrade != null" >
        #{idTrade,jdbcType=VARCHAR},
      </if>
      <if test="idAgency != null" >
        #{idAgency,jdbcType=VARCHAR},
      </if>
      <if test="buybizType != null" >
        #{buybizType,jdbcType=VARCHAR},
      </if>
      <if test="centralBankFlag != null" >
        #{centralBankFlag,jdbcType=VARCHAR},
      </if>
      <if test="buyType != null" >
        #{buyType,jdbcType=VARCHAR},
      </if>
      <if test="cdResellType != null" >
        #{cdResellType,jdbcType=VARCHAR},
      </if>
      <if test="nbrBusiness != null" >
        #{nbrBusiness,jdbcType=VARCHAR},
      </if>
      <if test="draftType != null" >
        #{draftType,jdbcType=VARCHAR},
      </if>
      <if test="draftAttr != null" >
        #{draftAttr,jdbcType=VARCHAR},
      </if>
      <if test="customerType != null" >
        #{customerType,jdbcType=VARCHAR},
      </if>
      <if test="dtBuyBackBegin != null" >
        #{dtBuyBackBegin,jdbcType=VARCHAR},
      </if>
      <if test="dtBuyBackEnd != null" >
        #{dtBuyBackEnd,jdbcType=VARCHAR},
      </if>
      <if test="idCustomer != null" >
        #{idCustomer,jdbcType=VARCHAR},
      </if>
      <if test="nameCustomer != null" >
        #{nameCustomer,jdbcType=VARCHAR},
      </if>
      <if test="dtResell != null" >
        #{dtResell,jdbcType=VARCHAR},
      </if>
      <if test="dtRepurchase != null" >
        #{dtRepurchase,jdbcType=VARCHAR},
      </if>
      <if test="resellRate != null" >
        #{resellRate,jdbcType=NUMERIC},
      </if>
      <if test="resellRateType != null" >
        #{resellRateType,jdbcType=VARCHAR},
      </if>
      <if test="buyBackRate != null" >
        #{buyBackRate,jdbcType=NUMERIC},
      </if>
      <if test="interestCalculateType != null" >
        #{interestCalculateType,jdbcType=VARCHAR},
      </if>
      <if test="virtualSellFlag != null" >
        #{virtualSellFlag,jdbcType=VARCHAR},
      </if>
      <if test="innerFlag != null" >
        #{innerFlag,jdbcType=VARCHAR},
      </if>
      <if test="twoWayFlag != null" >
        #{twoWayFlag,jdbcType=VARCHAR},
      </if>
      <if test="dtTwoWay != null" >
        #{dtTwoWay,jdbcType=VARCHAR},
      </if>
      <if test="idOperator != null" >
        #{idOperator,jdbcType=VARCHAR},
      </if>
      <if test="idManager != null" >
        #{idManager,jdbcType=VARCHAR},
      </if>
      <if test="idDepartment != null" >
        #{idDepartment,jdbcType=VARCHAR},
      </if>
      <if test="accountStatus != null" >
        #{accountStatus,jdbcType=VARCHAR},
      </if>
      <if test="auditStatus != null" >
        #{auditStatus,jdbcType=VARCHAR},
      </if>
      <if test="maturityStatus != null" >
        #{maturityStatus,jdbcType=VARCHAR},
      </if>
      <if test="calcStatus != null" >
        #{calcStatus,jdbcType=VARCHAR},
      </if>
      <if test="inArea != null" >
        #{inArea,jdbcType=VARCHAR},
      </if>
      <if test="rate != null" >
        #{rate,jdbcType=NUMERIC},
      </if>
      <if test="rateType != null" >
        #{rateType,jdbcType=VARCHAR},
      </if>
      <if test="dtBuy != null" >
        #{dtBuy,jdbcType=VARCHAR},
      </if>
      <if test="dtBuySellMaturity != null" >
        #{dtBuySellMaturity,jdbcType=VARCHAR},
      </if>
      <if test="acceptContractNbr != null" >
        #{acceptContractNbr,jdbcType=VARCHAR},
      </if>
      <if test="idWebbankContract != null" >
        #{idWebbankContract,jdbcType=VARCHAR},
      </if>
      <if test="taskType != null" >
        #{taskType,jdbcType=VARCHAR},
      </if>
      <if test="amtApplyAccept != null" >
        #{amtApplyAccept,jdbcType=NUMERIC},
      </if>
      <if test="dtApplyRemit != null" >
        #{dtApplyRemit,jdbcType=VARCHAR},
      </if>
      <if test="dtMaturity != null" >
        #{dtMaturity,jdbcType=VARCHAR},
      </if>
      <if test="appayReason != null" >
        #{appayReason,jdbcType=VARCHAR},
      </if>
      <if test="firstRepaymentAccount != null" >
        #{firstRepaymentAccount,jdbcType=VARCHAR},
      </if>
      <if test="secondRepaymentAccount != null" >
        #{secondRepaymentAccount,jdbcType=VARCHAR},
      </if>
      <if test="amtTrade != null" >
        #{amtTrade,jdbcType=NUMERIC},
      </if>
      <if test="idDraweeBank != null" >
        #{idDraweeBank,jdbcType=VARCHAR},
      </if>
      <if test="contractStatus != null" >
        #{contractStatus,jdbcType=VARCHAR},
      </if>
      <if test="logicCheckStatus != null" >
        #{logicCheckStatus,jdbcType=VARCHAR},
      </if>
      <if test="creditCheckStatus != null" >
        #{creditCheckStatus,jdbcType=VARCHAR},
      </if>
      <if test="nbrVersion != null" >
        #{nbrVersion,jdbcType=NUMERIC},
      </if>
    </trim>
  </insert>
</mapper>