<?xml version="1.0" encoding="UTF-8" ?>
<!DOCTYPE mapper PUBLIC "-//mybatis.org//DTD Mapper 3.0//EN" "http://mybatis.org/dtd/mybatis-3-mapper.dtd" >
<mapper namespace="com.rquest.riskmaster.mapper.TxnsAssetChangeMapper" >
  <resultMap id="BaseResultMap" type="com.rquest.riskmaster.entity.TxnsAssetChange" >
    <result column="ID_BARE_TRADE" property="idBareTrade" jdbcType="VARCHAR" />
    <result column="ID_ALTER_BALANCE" property="idAlterBalance" jdbcType="VARCHAR" />
    <result column="ID_PARTMENT" property="idPartment" jdbcType="VARCHAR" />
    <result column="ID_ACCOUNT" property="idAccount" jdbcType="VARCHAR" />
    <result column="ID_SPT_TRADE" property="idSptTrade" jdbcType="VARCHAR" />
    <result column="CD_TRADE_TYPE" property="cdTradeType" jdbcType="VARCHAR" />
    <result column="CD_ASSET_TYPE" property="cdAssetType" jdbcType="VARCHAR" />
    <result column="CD_BUZ_TYPE" property="cdBuzType" jdbcType="VARCHAR" />
    <result column="CD_MAJOR_ASSET" property="cdMajorAsset" jdbcType="VARCHAR" />
    <result column="CD_MINOR_ASSET" property="cdMinorAsset" jdbcType="VARCHAR" />
    <result column="DT_SETTLE" property="dtSettle" jdbcType="TIMESTAMP" />
    <result column="AMT_HOLD_POSITION" property="amtHoldPosition" jdbcType="NUMERIC" />
    <result column="AMT_HOLD_FACE" property="amtHoldFace" jdbcType="NUMERIC" />
    <result column="AMT_CLEAN_PRICE_COST" property="amtCleanPriceCost" jdbcType="NUMERIC" />
    <result column="INTEREST_ADJUST" property="interestAdjust" jdbcType="NUMERIC" />
    <result column="FAIR_VALUE_ALTER" property="fairValueAlter" jdbcType="NUMERIC" />
    <result column="INTEREST_COST" property="interestCost" jdbcType="NUMERIC" />
    <result column="AMT_DIRTY_PRICE_COST" property="amtDirtyPriceCost" jdbcType="NUMERIC" />
    <result column="AMT_PRICE_EARNING" property="amtPriceEarning" jdbcType="NUMERIC" />
    <result column="AMT_AMORTIZE_EARNING" property="amtAmortizeEarning" jdbcType="NUMERIC" />
    <result column="AMT_INTEREST_EARNING" property="amtInterestEarning" jdbcType="NUMERIC" />
    <result column="FAIR_VALUE_INCOME" property="fairValueIncome" jdbcType="NUMERIC" />
    <result column="AMT_TRADE_EXPENSE" property="amtTradeExpense" jdbcType="NUMERIC" />
    <result column="RATE_REAL" property="rateReal" jdbcType="NUMERIC" />
    <result column="DT_EFFECTIVE" property="dtEffective" jdbcType="NUMERIC" />
    <result column="DT_MATURITY" property="dtMaturity" jdbcType="NUMERIC" />
    <result column="AMT_INCURRED" property="amtIncurred" jdbcType="NUMERIC" />
    <result column="ID_BIDX" property="idBidx" jdbcType="VARCHAR" />
  </resultMap>
  <insert id="insert" parameterType="com.rquest.riskmaster.entity.TxnsAssetChange" >
    insert into TXNS_ASSET_CHANGE (ID_BARE_TRADE, ID_ALTER_BALANCE, ID_PARTMENT, 
      ID_ACCOUNT, ID_SPT_TRADE, CD_TRADE_TYPE, 
      CD_ASSET_TYPE, CD_BUZ_TYPE, CD_MAJOR_ASSET, 
      CD_MINOR_ASSET, DT_SETTLE, AMT_HOLD_POSITION, 
      AMT_HOLD_FACE, AMT_CLEAN_PRICE_COST, INTEREST_ADJUST, 
      FAIR_VALUE_ALTER, INTEREST_COST, AMT_DIRTY_PRICE_COST, 
      AMT_PRICE_EARNING, AMT_AMORTIZE_EARNING, AMT_INTEREST_EARNING, 
      FAIR_VALUE_INCOME, AMT_TRADE_EXPENSE, RATE_REAL, 
      DT_EFFECTIVE, DT_MATURITY, AMT_INCURRED, 
      ID_BIDX)
    values (#{idBareTrade,jdbcType=VARCHAR}, #{idAlterBalance,jdbcType=VARCHAR}, #{idPartment,jdbcType=VARCHAR}, 
      #{idAccount,jdbcType=VARCHAR}, #{idSptTrade,jdbcType=VARCHAR}, #{cdTradeType,jdbcType=VARCHAR}, 
      #{cdAssetType,jdbcType=VARCHAR}, #{cdBuzType,jdbcType=VARCHAR}, #{cdMajorAsset,jdbcType=VARCHAR}, 
      #{cdMinorAsset,jdbcType=VARCHAR}, #{dtSettle,jdbcType=TIMESTAMP}, #{amtHoldPosition,jdbcType=NUMERIC}, 
      #{amtHoldFace,jdbcType=NUMERIC}, #{amtCleanPriceCost,jdbcType=NUMERIC}, #{interestAdjust,jdbcType=NUMERIC}, 
      #{fairValueAlter,jdbcType=NUMERIC}, #{interestCost,jdbcType=NUMERIC}, #{amtDirtyPriceCost,jdbcType=NUMERIC}, 
      #{amtPriceEarning,jdbcType=NUMERIC}, #{amtAmortizeEarning,jdbcType=NUMERIC}, #{amtInterestEarning,jdbcType=NUMERIC}, 
      #{fairValueIncome,jdbcType=NUMERIC}, #{amtTradeExpense,jdbcType=NUMERIC}, #{rateReal,jdbcType=NUMERIC}, 
      #{dtEffective,jdbcType=NUMERIC}, #{dtMaturity,jdbcType=NUMERIC}, #{amtIncurred,jdbcType=NUMERIC}, 
      #{idBidx,jdbcType=VARCHAR})
  </insert>
  <insert id="insertSelective" parameterType="com.rquest.riskmaster.entity.TxnsAssetChange" >
    insert into TXNS_ASSET_CHANGE
    <trim prefix="(" suffix=")" suffixOverrides="," >
      <if test="idBareTrade != null" >
        ID_BARE_TRADE,
      </if>
      <if test="idAlterBalance != null" >
        ID_ALTER_BALANCE,
      </if>
      <if test="idPartment != null" >
        ID_PARTMENT,
      </if>
      <if test="idAccount != null" >
        ID_ACCOUNT,
      </if>
      <if test="idSptTrade != null" >
        ID_SPT_TRADE,
      </if>
      <if test="cdTradeType != null" >
        CD_TRADE_TYPE,
      </if>
      <if test="cdAssetType != null" >
        CD_ASSET_TYPE,
      </if>
      <if test="cdBuzType != null" >
        CD_BUZ_TYPE,
      </if>
      <if test="cdMajorAsset != null" >
        CD_MAJOR_ASSET,
      </if>
      <if test="cdMinorAsset != null" >
        CD_MINOR_ASSET,
      </if>
      <if test="dtSettle != null" >
        DT_SETTLE,
      </if>
      <if test="amtHoldPosition != null" >
        AMT_HOLD_POSITION,
      </if>
      <if test="amtHoldFace != null" >
        AMT_HOLD_FACE,
      </if>
      <if test="amtCleanPriceCost != null" >
        AMT_CLEAN_PRICE_COST,
      </if>
      <if test="interestAdjust != null" >
        INTEREST_ADJUST,
      </if>
      <if test="fairValueAlter != null" >
        FAIR_VALUE_ALTER,
      </if>
      <if test="interestCost != null" >
        INTEREST_COST,
      </if>
      <if test="amtDirtyPriceCost != null" >
        AMT_DIRTY_PRICE_COST,
      </if>
      <if test="amtPriceEarning != null" >
        AMT_PRICE_EARNING,
      </if>
      <if test="amtAmortizeEarning != null" >
        AMT_AMORTIZE_EARNING,
      </if>
      <if test="amtInterestEarning != null" >
        AMT_INTEREST_EARNING,
      </if>
      <if test="fairValueIncome != null" >
        FAIR_VALUE_INCOME,
      </if>
      <if test="amtTradeExpense != null" >
        AMT_TRADE_EXPENSE,
      </if>
      <if test="rateReal != null" >
        RATE_REAL,
      </if>
      <if test="dtEffective != null" >
        DT_EFFECTIVE,
      </if>
      <if test="dtMaturity != null" >
        DT_MATURITY,
      </if>
      <if test="amtIncurred != null" >
        AMT_INCURRED,
      </if>
      <if test="idBidx != null" >
        ID_BIDX,
      </if>
    </trim>
    <trim prefix="values (" suffix=")" suffixOverrides="," >
      <if test="idBareTrade != null" >
        #{idBareTrade,jdbcType=VARCHAR},
      </if>
      <if test="idAlterBalance != null" >
        #{idAlterBalance,jdbcType=VARCHAR},
      </if>
      <if test="idPartment != null" >
        #{idPartment,jdbcType=VARCHAR},
      </if>
      <if test="idAccount != null" >
        #{idAccount,jdbcType=VARCHAR},
      </if>
      <if test="idSptTrade != null" >
        #{idSptTrade,jdbcType=VARCHAR},
      </if>
      <if test="cdTradeType != null" >
        #{cdTradeType,jdbcType=VARCHAR},
      </if>
      <if test="cdAssetType != null" >
        #{cdAssetType,jdbcType=VARCHAR},
      </if>
      <if test="cdBuzType != null" >
        #{cdBuzType,jdbcType=VARCHAR},
      </if>
      <if test="cdMajorAsset != null" >
        #{cdMajorAsset,jdbcType=VARCHAR},
      </if>
      <if test="cdMinorAsset != null" >
        #{cdMinorAsset,jdbcType=VARCHAR},
      </if>
      <if test="dtSettle != null" >
        #{dtSettle,jdbcType=TIMESTAMP},
      </if>
      <if test="amtHoldPosition != null" >
        #{amtHoldPosition,jdbcType=NUMERIC},
      </if>
      <if test="amtHoldFace != null" >
        #{amtHoldFace,jdbcType=NUMERIC},
      </if>
      <if test="amtCleanPriceCost != null" >
        #{amtCleanPriceCost,jdbcType=NUMERIC},
      </if>
      <if test="interestAdjust != null" >
        #{interestAdjust,jdbcType=NUMERIC},
      </if>
      <if test="fairValueAlter != null" >
        #{fairValueAlter,jdbcType=NUMERIC},
      </if>
      <if test="interestCost != null" >
        #{interestCost,jdbcType=NUMERIC},
      </if>
      <if test="amtDirtyPriceCost != null" >
        #{amtDirtyPriceCost,jdbcType=NUMERIC},
      </if>
      <if test="amtPriceEarning != null" >
        #{amtPriceEarning,jdbcType=NUMERIC},
      </if>
      <if test="amtAmortizeEarning != null" >
        #{amtAmortizeEarning,jdbcType=NUMERIC},
      </if>
      <if test="amtInterestEarning != null" >
        #{amtInterestEarning,jdbcType=NUMERIC},
      </if>
      <if test="fairValueIncome != null" >
        #{fairValueIncome,jdbcType=NUMERIC},
      </if>
      <if test="amtTradeExpense != null" >
        #{amtTradeExpense,jdbcType=NUMERIC},
      </if>
      <if test="rateReal != null" >
        #{rateReal,jdbcType=NUMERIC},
      </if>
      <if test="dtEffective != null" >
        #{dtEffective,jdbcType=NUMERIC},
      </if>
      <if test="dtMaturity != null" >
        #{dtMaturity,jdbcType=NUMERIC},
      </if>
      <if test="amtIncurred != null" >
        #{amtIncurred,jdbcType=NUMERIC},
      </if>
      <if test="idBidx != null" >
        #{idBidx,jdbcType=VARCHAR},
      </if>
    </trim>
  </insert>
</mapper>