<?xml version="1.0" encoding="UTF-8" ?>
<!DOCTYPE mapper PUBLIC "-//mybatis.org//DTD Mapper 3.0//EN" "http://mybatis.org/dtd/mybatis-3-mapper.dtd" >
<mapper namespace="com.rquest.riskmaster.mapper.WisForClientMapper" >
  <resultMap id="BaseResultMap" type="com.rquest.riskmaster.entity.WisForClient" >
    <result column="CD_PRODUCT_TYPE" property="cdProductType" jdbcType="VARCHAR" />
    <result column="CD_PRODUCT" property="cdProduct" jdbcType="VARCHAR" />
    <result column="NAME_PRODUCT" property="nameProduct" jdbcType="VARCHAR" />
    <result column="DT_IPO_END" property="dtIpoEnd" jdbcType="TIMESTAMP" />
    <result column="CD_PRODUCT_STATUS" property="cdProductStatus" jdbcType="VARCHAR" />
    <result column="FLAG_CONTROL" property="flagControl" jdbcType="VARCHAR" />
    <result column="DT_EFFECTIVE" property="dtEffective" jdbcType="TIMESTAMP" />
    <result column="DT_MATURITY" property="dtMaturity" jdbcType="TIMESTAMP" />
    <result column="AMT_ISSUE_REAL" property="amtIssueReal" jdbcType="NUMERIC" />
    <result column="AMT_TOTAL_SHARES" property="amtTotalShares" jdbcType="NUMERIC" />
    <result column="CD_BRANCH" property="cdBranch" jdbcType="VARCHAR" />
    <result column="NAME_PRODUCT2" property="nameProduct2" jdbcType="VARCHAR" />
    <result column="FLAG_CONTROL2" property="flagControl2" jdbcType="VARCHAR" />
    <result column="NAME_PROTOCOL" property="nameProtocol" jdbcType="VARCHAR" />
    <result column="NAME_MANAGER" property="nameManager" jdbcType="VARCHAR" />
    <result column="CD_DAY_COUNT_CONVENTION" property="cdDayCountConvention" jdbcType="NUMERIC" />
    <result column="AMT_ISSUE_PRICE" property="amtIssuePrice" jdbcType="NUMERIC" />
    <result column="NBR_MATURITY_DAYS" property="nbrMaturityDays" jdbcType="NUMERIC" />
    <result column="CD_CURRENCY" property="cdCurrency" jdbcType="VARCHAR" />
    <result column="DT_INCOME_END" property="dtIncomeEnd" jdbcType="TIMESTAMP" />
    <result column="CD_INCOME_CURRENCY" property="cdIncomeCurrency" jdbcType="VARCHAR" />
  </resultMap>
  <insert id="insert" parameterType="com.rquest.riskmaster.entity.WisForClient" >
    insert into WIS_FOR_CLIENT (CD_PRODUCT_TYPE, CD_PRODUCT, NAME_PRODUCT, 
      DT_IPO_END, CD_PRODUCT_STATUS, FLAG_CONTROL, 
      DT_EFFECTIVE, DT_MATURITY, AMT_ISSUE_REAL, 
      AMT_TOTAL_SHARES, CD_BRANCH, NAME_PRODUCT2, 
      FLAG_CONTROL2, NAME_PROTOCOL, NAME_MANAGER, 
      CD_DAY_COUNT_CONVENTION, AMT_ISSUE_PRICE, NBR_MATURITY_DAYS, 
      CD_CURRENCY, DT_INCOME_END, CD_INCOME_CURRENCY
      )
    values (#{cdProductType,jdbcType=VARCHAR}, #{cdProduct,jdbcType=VARCHAR}, #{nameProduct,jdbcType=VARCHAR}, 
      #{dtIpoEnd,jdbcType=TIMESTAMP}, #{cdProductStatus,jdbcType=VARCHAR}, #{flagControl,jdbcType=VARCHAR}, 
      #{dtEffective,jdbcType=TIMESTAMP}, #{dtMaturity,jdbcType=TIMESTAMP}, #{amtIssueReal,jdbcType=NUMERIC}, 
      #{amtTotalShares,jdbcType=NUMERIC}, #{cdBranch,jdbcType=VARCHAR}, #{nameProduct2,jdbcType=VARCHAR}, 
      #{flagControl2,jdbcType=VARCHAR}, #{nameProtocol,jdbcType=VARCHAR}, #{nameManager,jdbcType=VARCHAR}, 
      #{cdDayCountConvention,jdbcType=NUMERIC}, #{amtIssuePrice,jdbcType=NUMERIC}, #{nbrMaturityDays,jdbcType=NUMERIC}, 
      #{cdCurrency,jdbcType=VARCHAR}, #{dtIncomeEnd,jdbcType=TIMESTAMP}, #{cdIncomeCurrency,jdbcType=VARCHAR}
      )
  </insert>
  <insert id="insertSelective" parameterType="com.rquest.riskmaster.entity.WisForClient" >
    insert into WIS_FOR_CLIENT
    <trim prefix="(" suffix=")" suffixOverrides="," >
      <if test="cdProductType != null" >
        CD_PRODUCT_TYPE,
      </if>
      <if test="cdProduct != null" >
        CD_PRODUCT,
      </if>
      <if test="nameProduct != null" >
        NAME_PRODUCT,
      </if>
      <if test="dtIpoEnd != null" >
        DT_IPO_END,
      </if>
      <if test="cdProductStatus != null" >
        CD_PRODUCT_STATUS,
      </if>
      <if test="flagControl != null" >
        FLAG_CONTROL,
      </if>
      <if test="dtEffective != null" >
        DT_EFFECTIVE,
      </if>
      <if test="dtMaturity != null" >
        DT_MATURITY,
      </if>
      <if test="amtIssueReal != null" >
        AMT_ISSUE_REAL,
      </if>
      <if test="amtTotalShares != null" >
        AMT_TOTAL_SHARES,
      </if>
      <if test="cdBranch != null" >
        CD_BRANCH,
      </if>
      <if test="nameProduct2 != null" >
        NAME_PRODUCT2,
      </if>
      <if test="flagControl2 != null" >
        FLAG_CONTROL2,
      </if>
      <if test="nameProtocol != null" >
        NAME_PROTOCOL,
      </if>
      <if test="nameManager != null" >
        NAME_MANAGER,
      </if>
      <if test="cdDayCountConvention != null" >
        CD_DAY_COUNT_CONVENTION,
      </if>
      <if test="amtIssuePrice != null" >
        AMT_ISSUE_PRICE,
      </if>
      <if test="nbrMaturityDays != null" >
        NBR_MATURITY_DAYS,
      </if>
      <if test="cdCurrency != null" >
        CD_CURRENCY,
      </if>
      <if test="dtIncomeEnd != null" >
        DT_INCOME_END,
      </if>
      <if test="cdIncomeCurrency != null" >
        CD_INCOME_CURRENCY,
      </if>
    </trim>
    <trim prefix="values (" suffix=")" suffixOverrides="," >
      <if test="cdProductType != null" >
        #{cdProductType,jdbcType=VARCHAR},
      </if>
      <if test="cdProduct != null" >
        #{cdProduct,jdbcType=VARCHAR},
      </if>
      <if test="nameProduct != null" >
        #{nameProduct,jdbcType=VARCHAR},
      </if>
      <if test="dtIpoEnd != null" >
        #{dtIpoEnd,jdbcType=TIMESTAMP},
      </if>
      <if test="cdProductStatus != null" >
        #{cdProductStatus,jdbcType=VARCHAR},
      </if>
      <if test="flagControl != null" >
        #{flagControl,jdbcType=VARCHAR},
      </if>
      <if test="dtEffective != null" >
        #{dtEffective,jdbcType=TIMESTAMP},
      </if>
      <if test="dtMaturity != null" >
        #{dtMaturity,jdbcType=TIMESTAMP},
      </if>
      <if test="amtIssueReal != null" >
        #{amtIssueReal,jdbcType=NUMERIC},
      </if>
      <if test="amtTotalShares != null" >
        #{amtTotalShares,jdbcType=NUMERIC},
      </if>
      <if test="cdBranch != null" >
        #{cdBranch,jdbcType=VARCHAR},
      </if>
      <if test="nameProduct2 != null" >
        #{nameProduct2,jdbcType=VARCHAR},
      </if>
      <if test="flagControl2 != null" >
        #{flagControl2,jdbcType=VARCHAR},
      </if>
      <if test="nameProtocol != null" >
        #{nameProtocol,jdbcType=VARCHAR},
      </if>
      <if test="nameManager != null" >
        #{nameManager,jdbcType=VARCHAR},
      </if>
      <if test="cdDayCountConvention != null" >
        #{cdDayCountConvention,jdbcType=NUMERIC},
      </if>
      <if test="amtIssuePrice != null" >
        #{amtIssuePrice,jdbcType=NUMERIC},
      </if>
      <if test="nbrMaturityDays != null" >
        #{nbrMaturityDays,jdbcType=NUMERIC},
      </if>
      <if test="cdCurrency != null" >
        #{cdCurrency,jdbcType=VARCHAR},
      </if>
      <if test="dtIncomeEnd != null" >
        #{dtIncomeEnd,jdbcType=TIMESTAMP},
      </if>
      <if test="cdIncomeCurrency != null" >
        #{cdIncomeCurrency,jdbcType=VARCHAR},
      </if>
    </trim>
  </insert>
</mapper>