<?xml version="1.0" encoding="UTF-8" ?>
<!DOCTYPE mapper PUBLIC "-//mybatis.org//DTD Mapper 3.0//EN" "http://mybatis.org/dtd/mybatis-3-mapper.dtd" >
<mapper namespace="com.rquest.riskmaster.mapper.WisInterbankMapper" >
  <resultMap id="BaseResultMap" type="com.rquest.riskmaster.entity.WisInterbank" >
    <result column="NAME_FUND" property="nameFund" jdbcType="VARCHAR" />
    <result column="CD_FUND_TYPE" property="cdFundType" jdbcType="VARCHAR" />
    <result column="CD_ASSET_TYPE" property="cdAssetType" jdbcType="VARCHAR" />
    <result column="ID_ASSET" property="idAsset" jdbcType="VARCHAR" />
    <result column="CD_ASSET_RATING" property="cdAssetRating" jdbcType="VARCHAR" />
    <result column="ID_ASSET_ISSUER" property="idAssetIssuer" jdbcType="VARCHAR" />
    <result column="AMT_NOTIONAL" property="amtNotional" jdbcType="NUMERIC" />
    <result column="RATE_RATIO" property="rateRatio" jdbcType="NUMERIC" />
    <result column="DT_UPDATE" property="dtUpdate" jdbcType="TIMESTAMP" />
    <result column="NBR_VERSION" property="nbrVersion" jdbcType="NUMERIC" />
    <result column="ID_FUND" property="idFund" jdbcType="VARCHAR" />
  </resultMap>
  <insert id="insert" parameterType="com.rquest.riskmaster.entity.WisInterbank" >
    insert into WIS_INTER_BANK (NAME_FUND, CD_FUND_TYPE, CD_ASSET_TYPE, 
      ID_ASSET, CD_ASSET_RATING, ID_ASSET_ISSUER, 
      AMT_NOTIONAL, RATE_RATIO, DT_UPDATE, 
      NBR_VERSION, ID_FUND)
    values (#{nameFund,jdbcType=VARCHAR}, #{cdFundType,jdbcType=VARCHAR}, #{cdAssetType,jdbcType=VARCHAR}, 
      #{idAsset,jdbcType=VARCHAR}, #{cdAssetRating,jdbcType=VARCHAR}, #{idAssetIssuer,jdbcType=VARCHAR}, 
      #{amtNotional,jdbcType=NUMERIC}, #{rateRatio,jdbcType=NUMERIC}, #{dtUpdate,jdbcType=TIMESTAMP}, 
      #{nbrVersion,jdbcType=NUMERIC}, #{idFund,jdbcType=VARCHAR})
  </insert>
  <insert id="insertSelective" parameterType="com.rquest.riskmaster.entity.WisInterbank" >
    insert into WIS_INTER_BANK
    <trim prefix="(" suffix=")" suffixOverrides="," >
      <if test="nameFund != null" >
        NAME_FUND,
      </if>
      <if test="cdFundType != null" >
        CD_FUND_TYPE,
      </if>
      <if test="cdAssetType != null" >
        CD_ASSET_TYPE,
      </if>
      <if test="idAsset != null" >
        ID_ASSET,
      </if>
      <if test="cdAssetRating != null" >
        CD_ASSET_RATING,
      </if>
      <if test="idAssetIssuer != null" >
        ID_ASSET_ISSUER,
      </if>
      <if test="amtNotional != null" >
        AMT_NOTIONAL,
      </if>
      <if test="rateRatio != null" >
        RATE_RATIO,
      </if>
      <if test="dtUpdate != null" >
        DT_UPDATE,
      </if>
      <if test="nbrVersion != null" >
        NBR_VERSION,
      </if>
      <if test="idFund != null" >
        ID_FUND,
      </if>
    </trim>
    <trim prefix="values (" suffix=")" suffixOverrides="," >
      <if test="nameFund != null" >
        #{nameFund,jdbcType=VARCHAR},
      </if>
      <if test="cdFundType != null" >
        #{cdFundType,jdbcType=VARCHAR},
      </if>
      <if test="cdAssetType != null" >
        #{cdAssetType,jdbcType=VARCHAR},
      </if>
      <if test="idAsset != null" >
        #{idAsset,jdbcType=VARCHAR},
      </if>
      <if test="cdAssetRating != null" >
        #{cdAssetRating,jdbcType=VARCHAR},
      </if>
      <if test="idAssetIssuer != null" >
        #{idAssetIssuer,jdbcType=VARCHAR},
      </if>
      <if test="amtNotional != null" >
        #{amtNotional,jdbcType=NUMERIC},
      </if>
      <if test="rateRatio != null" >
        #{rateRatio,jdbcType=NUMERIC},
      </if>
      <if test="dtUpdate != null" >
        #{dtUpdate,jdbcType=TIMESTAMP},
      </if>
      <if test="nbrVersion != null" >
        #{nbrVersion,jdbcType=NUMERIC},
      </if>
      <if test="idFund != null" >
        #{idFund,jdbcType=VARCHAR},
      </if>
    </trim>
  </insert>
</mapper>